<?xml version="1.0" encoding="utf-8"?>
<COLLADA xmlns="http://www.collada.org/2005/11/COLLADASchema" version="1.4.1" xmlns:xsi="http://www.w3.org/2001/XMLSchema-instance">
  <asset>
    <contributor>
      <author>Blender User</author>
      <authoring_tool>Blender 4.5.3 LTS commit date:2025-09-08, commit time:12:46, hash:67807e1800cc</authoring_tool>
    </contributor>
    <created>2025-10-09T09:40:56</created>
    <modified>2025-10-09T09:40:56</modified>
    <unit name="millimeter" meter="0.001"/>
    <up_axis>Z_UP</up_axis>
  </asset>
  <library_cameras>
    <camera id="Camera_003-camera" name="Camera.003">
      <optics>
        <technique_common>
          <perspective>
            <xfov sid="xfov">39.5978</xfov>
            <aspect_ratio>1.777778</aspect_ratio>
            <znear sid="znear">0.00999999</znear>
            <zfar sid="zfar">10000</zfar>
          </perspective>
        </technique_common>
      </optics>
      <extra>
        <technique profile="blender">
          <shiftx sid="shiftx" type="float">0</shiftx>
          <shifty sid="shifty" type="float">0</shifty>
          <dof_distance sid="dof_distance" type="float">10</dof_distance>
        </technique>
      </extra>
    </camera>
    <camera id="Camera_002-camera" name="Camera.002">
      <optics>
        <technique_common>
          <perspective>
            <xfov sid="xfov">39.5978</xfov>
            <aspect_ratio>1.777778</aspect_ratio>
            <znear sid="znear">0.00999999</znear>
            <zfar sid="zfar">10000</zfar>
          </perspective>
        </technique_common>
      </optics>
      <extra>
        <technique profile="blender">
          <shiftx sid="shiftx" type="float">0</shiftx>
          <shifty sid="shifty" type="float">0</shifty>
          <dof_distance sid="dof_distance" type="float">10</dof_distance>
        </technique>
      </extra>
    </camera>
    <camera id="Camera_001-camera" name="Camera.001">
      <optics>
        <technique_common>
          <perspective>
            <xfov sid="xfov">39.5978</xfov>
            <aspect_ratio>1.777778</aspect_ratio>
            <znear sid="znear">0.00999999</znear>
            <zfar sid="zfar">10000</zfar>
          </perspective>
        </technique_common>
      </optics>
      <extra>
        <technique profile="blender">
          <shiftx sid="shiftx" type="float">0</shiftx>
          <shifty sid="shifty" type="float">0</shifty>
          <dof_distance sid="dof_distance" type="float">10</dof_distance>
        </technique>
      </extra>
    </camera>
    <camera id="Camera-camera" name="Camera">
      <optics>
        <technique_common>
          <perspective>
            <xfov sid="xfov">39.59775</xfov>
            <aspect_ratio>1.777778</aspect_ratio>
            <znear sid="znear">0.1</znear>
            <zfar sid="zfar">100</zfar>
          </perspective>
        </technique_common>
      </optics>
      <extra>
        <technique profile="blender">
          <shiftx sid="shiftx" type="float">0</shiftx>
          <shifty sid="shifty" type="float">0</shifty>
          <dof_distance sid="dof_distance" type="float">10</dof_distance>
        </technique>
      </extra>
    </camera>
  </library_cameras>
  <library_lights>
    <light id="Directional_Light_002-light" name="Directional_Light.002">
      <technique_common>
        <directional>
          <color sid="color">1 1 1</color>
        </directional>
      </technique_common>
      <extra>
        <technique profile="blender">
          <type sid="type" type="int">1</type>
          <flag sid="flag" type="int">0</flag>
          <mode sid="mode" type="int">2097153</mode>
          <red sid="red" type="float">1</red>
          <green sid="green" type="float">1</green>
          <blue sid="blue" type="float">1</blue>
          <energy sid="blender_energy" type="float">1</energy>
          <spotsize sid="spotsize" type="float">45</spotsize>
          <spotblend sid="spotblend" type="float">0.15</spotblend>
          <clipsta sid="clipsta" type="float">0.04999995</clipsta>
          <clipend sid="clipend" type="float">40</clipend>
          <radius sid="radius" type="float">0</radius>
          <area_shape sid="area_shape" type="int">0</area_shape>
          <area_size sid="area_size" type="float">0.25</area_size>
          <area_sizey sid="area_sizey" type="float">0.25</area_sizey>
          <area_sizez sid="area_sizez" type="float">0.25</area_sizez>
        </technique>
      </extra>
    </light>
    <light id="Render_003-light" name="Render.002">
      <technique_common>
        <directional>
          <color sid="color">0 0 0</color>
        </directional>
      </technique_common>
      <extra>
        <technique profile="blender">
          <type sid="type" type="int">1</type>
          <flag sid="flag" type="int">0</flag>
          <mode sid="mode" type="int">2097153</mode>
          <red sid="red" type="float">0</red>
          <green sid="green" type="float">0</green>
          <blue sid="blue" type="float">0</blue>
          <energy sid="blender_energy" type="float">1</energy>
          <spotsize sid="spotsize" type="float">45</spotsize>
          <spotblend sid="spotblend" type="float">0.15</spotblend>
          <clipsta sid="clipsta" type="float">0.04999995</clipsta>
          <clipend sid="clipend" type="float">40</clipend>
          <radius sid="radius" type="float">0</radius>
          <area_shape sid="area_shape" type="int">0</area_shape>
          <area_size sid="area_size" type="float">0.25</area_size>
          <area_sizey sid="area_sizey" type="float">0.25</area_sizey>
          <area_sizez sid="area_sizez" type="float">0.25</area_sizez>
        </technique>
      </extra>
    </light>
    <light id="Directional_Light_001-light" name="Directional_Light.001">
      <technique_common>
        <directional>
          <color sid="color">1 1 1</color>
        </directional>
      </technique_common>
      <extra>
        <technique profile="blender">
          <type sid="type" type="int">1</type>
          <flag sid="flag" type="int">0</flag>
          <mode sid="mode" type="int">2097153</mode>
          <red sid="red" type="float">1</red>
          <green sid="green" type="float">1</green>
          <blue sid="blue" type="float">1</blue>
          <energy sid="blender_energy" type="float">1</energy>
          <spotsize sid="spotsize" type="float">45</spotsize>
          <spotblend sid="spotblend" type="float">0.15</spotblend>
          <clipsta sid="clipsta" type="float">0.04999995</clipsta>
          <clipend sid="clipend" type="float">40</clipend>
          <radius sid="radius" type="float">0</radius>
          <area_shape sid="area_shape" type="int">0</area_shape>
          <area_size sid="area_size" type="float">0.25</area_size>
          <area_sizey sid="area_sizey" type="float">0.25</area_sizey>
          <area_sizez sid="area_sizez" type="float">0.25</area_sizez>
        </technique>
      </extra>
    </light>
    <light id="Render_002-light" name="Render.001">
      <technique_common>
        <directional>
          <color sid="color">0 0 0</color>
        </directional>
      </technique_common>
      <extra>
        <technique profile="blender">
          <type sid="type" type="int">1</type>
          <flag sid="flag" type="int">0</flag>
          <mode sid="mode" type="int">2097153</mode>
          <red sid="red" type="float">0</red>
          <green sid="green" type="float">0</green>
          <blue sid="blue" type="float">0</blue>
          <energy sid="blender_energy" type="float">1</energy>
          <spotsize sid="spotsize" type="float">45</spotsize>
          <spotblend sid="spotblend" type="float">0.15</spotblend>
          <clipsta sid="clipsta" type="float">0.04999995</clipsta>
          <clipend sid="clipend" type="float">40</clipend>
          <radius sid="radius" type="float">0</radius>
          <area_shape sid="area_shape" type="int">0</area_shape>
          <area_size sid="area_size" type="float">0.25</area_size>
          <area_sizey sid="area_sizey" type="float">0.25</area_sizey>
          <area_sizez sid="area_sizez" type="float">0.25</area_sizez>
        </technique>
      </extra>
    </light>
    <light id="Directional_Light-light" name="Directional_Light">
      <technique_common>
        <directional>
          <color sid="color">1 1 1</color>
        </directional>
      </technique_common>
      <extra>
        <technique profile="blender">
          <type sid="type" type="int">1</type>
          <flag sid="flag" type="int">0</flag>
          <mode sid="mode" type="int">2097153</mode>
          <red sid="red" type="float">1</red>
          <green sid="green" type="float">1</green>
          <blue sid="blue" type="float">1</blue>
          <energy sid="blender_energy" type="float">1</energy>
          <spotsize sid="spotsize" type="float">45</spotsize>
          <spotblend sid="spotblend" type="float">0.15</spotblend>
          <clipsta sid="clipsta" type="float">0.04999995</clipsta>
          <clipend sid="clipend" type="float">40</clipend>
          <radius sid="radius" type="float">0</radius>
          <area_shape sid="area_shape" type="int">0</area_shape>
          <area_size sid="area_size" type="float">0.25</area_size>
          <area_sizey sid="area_sizey" type="float">0.25</area_sizey>
          <area_sizez sid="area_sizez" type="float">0.25</area_sizez>
        </technique>
      </extra>
    </light>
    <light id="Render_001-light" name="Render">
      <technique_common>
        <directional>
          <color sid="color">0 0 0</color>
        </directional>
      </technique_common>
      <extra>
        <technique profile="blender">
          <type sid="type" type="int">1</type>
          <flag sid="flag" type="int">0</flag>
          <mode sid="mode" type="int">2097153</mode>
          <red sid="red" type="float">0</red>
          <green sid="green" type="float">0</green>
          <blue sid="blue" type="float">0</blue>
          <energy sid="blender_energy" type="float">1</energy>
          <spotsize sid="spotsize" type="float">45</spotsize>
          <spotblend sid="spotblend" type="float">0.15</spotblend>
          <clipsta sid="clipsta" type="float">0.04999995</clipsta>
          <clipend sid="clipend" type="float">40</clipend>
          <radius sid="radius" type="float">0</radius>
          <area_shape sid="area_shape" type="int">0</area_shape>
          <area_size sid="area_size" type="float">0.25</area_size>
          <area_sizey sid="area_sizey" type="float">0.25</area_sizey>
          <area_sizez sid="area_sizez" type="float">0.25</area_sizez>
        </technique>
      </extra>
    </light>
    <light id="Light-light" name="Light">
      <technique_common>
        <point>
          <color sid="color">1000 1000 1000</color>
          <constant_attenuation>1</constant_attenuation>
          <linear_attenuation>0</linear_attenuation>
          <quadratic_attenuation>0</quadratic_attenuation>
        </point>
      </technique_common>
      <extra>
        <technique profile="blender">
          <type sid="type" type="int">0</type>
          <flag sid="flag" type="int">0</flag>
          <mode sid="mode" type="int">2097153</mode>
          <red sid="red" type="float">1</red>
          <green sid="green" type="float">1</green>
          <blue sid="blue" type="float">1</blue>
          <energy sid="blender_energy" type="float">1000</energy>
          <spotsize sid="spotsize" type="float">75</spotsize>
          <spotblend sid="spotblend" type="float">0.15</spotblend>
          <clipsta sid="clipsta" type="float">0.04999995</clipsta>
          <clipend sid="clipend" type="float">40</clipend>
          <radius sid="radius" type="float">0.1</radius>
          <area_shape sid="area_shape" type="int">1</area_shape>
          <area_size sid="area_size" type="float">0.1</area_size>
          <area_sizey sid="area_sizey" type="float">0.1</area_sizey>
          <area_sizez sid="area_sizez" type="float">1</area_sizez>
        </technique>
      </extra>
    </light>
  </library_lights>
  <library_effects>
    <effect id="Bark_002-effect">
      <profile_COMMON>
        <technique sid="common">
          <lambert>
            <emission>
              <color sid="emission">0 0 0 1</color>
            </emission>
            <diffuse>
              <color sid="diffuse">0.207595 0.138513 0.055181 1</color>
            </diffuse>
            <index_of_refraction>
              <float sid="ior">1.5</float>
            </index_of_refraction>
          </lambert>
        </technique>
      </profile_COMMON>
    </effect>
    <effect id="Tree_002-effect">
      <profile_COMMON>
        <technique sid="common">
          <lambert>
            <emission>
              <color sid="emission">0 0 0 1</color>
            </emission>
            <diffuse>
              <color sid="diffuse">0.256861 0.440506 0.110769 1</color>
            </diffuse>
            <index_of_refraction>
              <float sid="ior">1.5</float>
            </index_of_refraction>
          </lambert>
        </technique>
      </profile_COMMON>
    </effect>
    <effect id="Bark_001-effect">
      <profile_COMMON>
        <technique sid="common">
          <lambert>
            <emission>
              <color sid="emission">0 0 0 1</color>
            </emission>
            <diffuse>
              <color sid="diffuse">0.207595 0.138513 0.055181 1</color>
            </diffuse>
            <index_of_refraction>
              <float sid="ior">1.5</float>
            </index_of_refraction>
          </lambert>
        </technique>
      </profile_COMMON>
    </effect>
    <effect id="Tree_001-effect">
      <profile_COMMON>
        <technique sid="common">
          <lambert>
            <emission>
              <color sid="emission">0 0 0 1</color>
            </emission>
            <diffuse>
              <color sid="diffuse">0.256861 0.440506 0.110769 1</color>
            </diffuse>
            <index_of_refraction>
              <float sid="ior">1.5</float>
            </index_of_refraction>
          </lambert>
        </technique>
      </profile_COMMON>
    </effect>
    <effect id="Bark-effect">
      <profile_COMMON>
        <technique sid="common">
          <lambert>
            <emission>
              <color sid="emission">0 0 0 1</color>
            </emission>
            <diffuse>
              <color sid="diffuse">0.207595 0.138513 0.055181 1</color>
            </diffuse>
            <index_of_refraction>
              <float sid="ior">1.5</float>
            </index_of_refraction>
          </lambert>
        </technique>
      </profile_COMMON>
    </effect>
    <effect id="Tree-effect">
      <profile_COMMON>
        <technique sid="common">
          <lambert>
            <emission>
              <color sid="emission">0 0 0 1</color>
            </emission>
            <diffuse>
              <color sid="diffuse">0.256861 0.440506 0.110769 1</color>
            </diffuse>
            <index_of_refraction>
              <float sid="ior">1.5</float>
            </index_of_refraction>
          </lambert>
        </technique>
      </profile_COMMON>
    </effect>
  </library_effects>
  <library_images/>
  <library_materials>
    <material id="Bark_002-material" name="Bark.002">
      <instance_effect url="#Bark_002-effect"/>
    </material>
    <material id="Tree_002-material" name="Tree.002">
      <instance_effect url="#Tree_002-effect"/>
    </material>
    <material id="Bark_001-material" name="Bark.001">
      <instance_effect url="#Bark_001-effect"/>
    </material>
    <material id="Tree_001-material" name="Tree.001">
      <instance_effect url="#Tree_001-effect"/>
    </material>
    <material id="Bark-material" name="Bark">
      <instance_effect url="#Bark-effect"/>
    </material>
    <material id="Tree-material" name="Tree">
      <instance_effect url="#Tree-effect"/>
    </material>
  </library_materials>
  <library_geometries>
    <geometry id="Tree_lp_11_002-mesh" name="Tree_lp_11.002">
      <mesh>
        <source id="Tree_lp_11_002-mesh-positions">
          <float_array id="Tree_lp_11_002-mesh-positions-array" count="843">-0.524753 -0.707811 -1.37533 -1.53072 -0.666692 -0.246043 -0.906262 -0.661508 1.11465 0.545834 -0.691875 1.43058 1.42838 -0.731081 0.229593 1.00376 -0.742633 -1.23456 0.786882 2.82926 -1.29208 0.63432 3.39803 -0.788073 0.981512 3.47944 -0.07891285 1.52378 2.91226 0.09195077 1.67634 2.34349 -0.412051 1.32915 2.26209 -1.12121 2.59035 4.58157 -2.36406 2.28499 4.93522 -1.78959 2.61892 4.92501 -1.15015 3.30715 4.6892 -1.05697 3.57986 4.27748 -1.60876 3.19057 4.18931 -2.20974 3.54873 7.47469 -3.08566 3.17914 7.78206 -2.58487 3.45759 7.91591 -1.98529 4.12953 7.82592 -1.85391 4.46704 7.4315 -2.31475 4.16741 7.24017 -2.88795 4.61062 9.7155 -4.61096 4.32967 10.0261 -4.18947 4.61849 10.3778 -3.75896 5.1932 10.1512 -3.64934 5.4464 9.75916 -4.01712 5.23061 9.62172 -4.58895 5.32991 12.1494 -6.04678 4.94374 12.4323 -5.75564 5.13216 12.7581 -5.32972 5.682 12.7851 -5.24367 6.06216 12.6056 -5.61406 5.87457 12.2655 -6.02901 4.50482 14.4674 -8.187001 4.19017 14.5513 -7.82242 4.29636 14.8645 -7.4208 4.81238 14.9139 -7.37723 5.12365 14.8422 -7.74729 4.97229 14.6929 -8.22209 3.99985 17.357 -8.28958 3.73223 17.4265 -7.97026 3.86047 17.5496 -7.58888 4.27885 17.5479 -7.50233 4.54164 17.4121 -7.80389 4.41747 17.3449 -8.20025 -1.32999 3.06875 -0.363729 -1.55759 2.54365 0.157999 -1.27446 2.48797 0.896637 -0.713633 3.03217 1.07856 -0.486032 3.55727 0.556835 -0.769166 3.61295 -0.181802 -3.13891 4.92041 0.608952 -3.54369 4.65459 1.16326 -3.18725 4.57937 1.79795 -2.5597 4.89534 1.93327 -2.19822 5.25073 1.3996 -2.47852 5.16848 0.728617 -3.69165 8.11752 0.828338 -4.08153 7.96337 1.40745 -3.81857 7.91917 2.02716 -3.12958 8.04124 2.1732 -2.73953 7.95445 1.58035 -3.00248 7.98061 0.959613 -3.08732 11.0352 1.06462 -3.43606 10.9484 1.53576 -3.28627 11.1202 2.13284 -2.66283 11.013 2.19557 -2.3154 10.9363 1.72171 -2.46225 11.1303 1.13072 -3.48996 13.9078 1.06409 -3.90333 13.8031 1.44793 -3.71347 13.7671 1.99329 -3.18115 13.8962 2.10893 -2.83285 14.1725 1.74622 -2.99599 14.138 1.19218 -4.00133 8.77271 1.0531 -3.13923 8.37941 1.16974 -4.34707 8.11694 0.90442 -3.49063 7.64338 1.01312 -4.50992 8.03998 1.63875 -3.67443 7.55971 1.81871 -4.16418 8.69576 1.78744 -3.32303 8.295741 1.97533 -5.39095 9.67738 0.666911 -5.90213 9.28261 0.442941 -6.10893 9.22953 1.09234 -5.72877 9.77441 1.25323 -6.74064 11.3948 0.568838 -7.10149 10.9461 0.356538 -7.23338 10.7799 0.932314 -6.87331 11.2291 1.14461 -7.69876 11.9113 0.443552 -8.10324 11.5316 0.251496 -8.099201 11.2996 0.790802 -7.82275 11.7732 1.00053 -8.46285 12.8019 1.2725 -8.95731 12.5917 1.14086 -8.88589 12.2117 1.53638 -8.430991 12.471 1.71465 -2.28227 5.84553 1.04559 -2.87672 5.10514 0.686232 -2.54328 5.76185 1.81172 -3.17736 4.99241 1.52808 -1.91518 5.26874 1.96791 -2.49943 4.42257 1.69388 -1.65417 5.35241 1.20179 -2.19879 4.5353 0.85203 -0.650002 6.83895 1.47679 -0.894234 6.86803 2.01372 -0.728117 6.31387 2.13249 -0.483885 6.28479 1.59556 0.312135 7.16361 2.20397 0.02987378 7.21088 2.69134 0.133727 6.65995 2.763 0.567266 6.70004 2.40261 0.97366 7.64614 2.8445 0.635033 7.68697 3.24996 0.953424 7.38978 3.5517 1.23368 7.27369 3.11728 1.42008 8.48807 2.84257 1.21664 8.65476 3.26961 1.63447 8.52095 3.51262 1.85446 8.40175 3.07795 1.63962 9.845561 2.50049 1.46076 9.79022 2.97366 1.91164 9.93458 3.16023 2.07711 9.72142 2.72881 1.54687 11.2027 2.46467 1.40554 11.0172 2.87937 1.81029 11.1741 3.07406 1.94363 11.0134 2.64659 -2.15729 7.1855 2.14287 -2.35035 6.72039 2.45419 -1.80345 6.61322 2.65402 -1.61039 7.07833 2.3427 -2.26412 7.84226 3.28072 -2.44926 7.37123 3.51805 -1.91809 7.23764 3.62975 -1.75831 7.75817 3.50332 -2.58399 8.108591 4.30162 -2.74287 7.62928 4.45258 -2.33356 7.59262 4.78256 -2.13677 8.03292 4.57001 -3.14679 8.669651 4.83075 -3.44636 8.459361 5.17168 -3.07754 8.47961 5.50897 -2.77663 8.68594 5.16679 -3.17157 9.93949 4.85731 -3.47714 9.77942 5.20787 -3.15146 9.89589 5.55751 -2.81727 9.92985 5.19828 -3.7328 11.1812 5.02111 -3.90473 10.8456 5.35205 -3.69858 11.1441 5.6986 -3.36631 11.0456 5.3358 5.748 11.6475 -6.08637 5.56824 11.7865 -4.97864 5.79319 11.0142 -6.00004 5.62471 11.0673 -4.90753 5.17074 10.9534 -6.1396 4.91558 10.9983 -5.04161 5.12555 11.5867 -6.22594 4.85911 11.7176 -5.11272 6.01564 11.4634 -7.14982 6.05398 10.8789 -7.03803 5.46197 10.8451 -7.10101 5.46079 11.3852 -7.35379 6.27901 10.9308 -8.182391 6.17475 10.465 -7.86734 5.73833 10.3553 -8.2203 5.71131 10.9257 -8.251481 6.89322 10.6549 -9.064081 6.86041 10.1333 -9.0109 6.50352 10.1118 -9.395831 6.47504 10.6362 -9.38154 7.62143 10.7374 -9.753951 7.90282 10.3007 -9.896531 7.50426 10.3398 -10.2569 7.63472 10.8621 -10.2779 8.96624 11.0281 -9.91979 9.25974 10.646 -9.98339 9.04398 10.6783 -10.4176 9.053871 11.1626 -10.3784 1.85614 12.673 2.9672 -4.10729 12.4851 5.3907 10.8466 20.3032 -5.81436 6.87322 24.2135 -4.22274 5.90952 18.5685 -3.3188 8.06006 15.6382 -7.83539 2.36455 16.6654 -7.49283 1.63104 21.9652 -5.26009 9.61936 24.7719 -9.29799 10.3529 19.4721 -11.5307 6.07439 22.8688 -13.472 5.11069 17.2238 -12.5681 1.13734 21.1341 -10.9765 3.92385 25.7991 -8.95543 -8.0904 21.5101 5.79498 -0.851714 21.0368 6.86486 -3.50264 25.4041 1.60499 -4.99437 14.9908 7.09148 1.50683 14.8557 3.70278 2.42877 21.2915 0.311945 -9.28367 22.0573 -1.41917 -6.92512 15.8762 -4.58125 -10.2056 15.6215 1.97166 -4.27419 11.5089 0.678616 0.313567 15.403 -3.51137 -2.78246 21.9222 -4.80787 -12.0443 16.7223 6.65824 -10.8649 19.2722 2.91027 -14.0619 15.8715 2.5175 -12.7275 12.3079 5.24887 -11.9703 12.1295 0.629857 -10.8191 16.4337 -0.81548 -7.55456 17.8104 5.88439 -8.70571 13.5062 7.32972 -5.46294 14.0684 3.99675 -8.65997 10.6677 3.60398 -7.48055 13.2176 -0.143998 -6.79736 17.632 1.26537 0.02606767 13.3493 1.17591 1.76198 15.2723 2.18123 2.72727 13.2562 0.530265 1.3649 10.9144 1.14809 3.92825 11.3325 2.13621 4.17366 14.0259 2.77472 -0.196977 14.1765 3.81941 -0.442385 11.4831 3.1809 1.004 12.2528 5.42535 1.9693 10.2367 3.77439 3.7052 12.1597 4.77971 2.36637 14.5946 4.80753 13.9192 11.3979 -10.9759 11.569 9.36617 -12.6032 11.6449 12.8144 -13.2389 12.2513 8.87661 -9.19811 8.94605 8.73477 -10.3623 8.57131 11.1684 -12.8597 12.3741 14.4559 -10.2267 9.75122 13.8245 -7.9858 12.7489 12.0222 -7.72934 9.675271 10.3763 -7.35011 7.40095 11.7927 -9.61308 9.06893 14.3141 -11.3909 2.00384 21.4118 -4.55281 4.54963 22.6688 -2.18035 3.04216 19.3275 -1.67746 -0.529795 19.531 -2.62065 0.450123 19.6257 0.945956 3.58938 21.565 1.21808 1.90933 24.9374 -3.43434 -1.22992 22.9981 -3.70646 -0.68271 25.2355 -0.810925 -2.19017 21.8942 -0.308036 0.355617 23.1513 2.06443 2.88925 25.0321 0.132266 -0.36303 2.39901 -1.14342 -1.26129 2.20093 -0.194404 -0.714177 2.18956 0.836823 -1.18249 5.8804 1.388 0.48326 2.3491 1.08727 1.31858 2.03719 0.103932 0.854202 2.07139 -0.969078 -0.04827809 3.49454 -0.524021 0.324427 3.47256 0.458374 -1.91764 6.39276 1.22418 -2.25408 6.35112 2.06127 -1.52244 5.91116 2.12541 -1.44617 6.78437 1.88912 -4.14722 12.4928 5.11924 -4.33194 12.2734 5.42385 -4.06593 12.4726 5.66204 1.58185 12.5037 3.05804 1.94016 12.411 3.18549 -3.85257 12.5966 5.35495 1.73995 12.659 2.71297 2.09998 12.581 2.84234</float_array>
          <technique_common>
            <accessor source="#Tree_lp_11_002-mesh-positions-array" count="281" stride="3">
              <param name="X" type="float"/>
              <param name="Y" type="float"/>
              <param name="Z" type="float"/>
            </accessor>
          </technique_common>
        </source>
        <source id="Tree_lp_11_002-mesh-normals">
          <float_array id="Tree_lp_11_002-mesh-normals-array" count="3759">-0.7131913 0.3561707 -0.6037389 -0.7101231 0.3573333 -0.6066616 -0.7106217 0.3570435 -0.6062482 -0.6204426 0.7626861 0.1826496 -0.5789059 0.8037979 0.1370289 -0.5876556 0.7969431 0.1397954 0.2302575 0.3905369 0.8913263 0.1491097 0.3900665 0.9086333 0.2195144 0.3881998 0.8950499 0.7248136 -0.3407498 0.5987778 0.7222319 -0.34083 0.6018438 0.724461 -0.3410201 0.5990506 0.5914504 -0.7679337 -0.2458949 0.6054189 -0.7572919 -0.2449024 0.6038833 -0.7583741 -0.2453443 -0.1412786 -0.3571119 -0.9233155 -0.1662284 -0.3962326 -0.9029773 -0.147145 -0.3612259 -0.9207955 -0.8517861 0.1859136 -0.4897924 -0.8622224 0.100893 -0.4963803 -0.8551073 0.1768045 -0.4873723 -0.8469396 0.2962706 0.4414943 -0.8568915 0.3425948 0.3851829 -0.8597431 0.3345804 0.3858727 0.009780108 0.2513041 0.9678589 0.004291176 0.2333382 0.9723863 0.006434381 0.2325999 0.9725513 0.8081082 0.01703947 0.5887877 0.8269827 -0.0698632 0.55787 0.8310875 -0.06062495 0.5528274 0.8897287 -0.2605828 -0.3748059 0.8495488 -0.3263138 -0.4144709 0.8509071 -0.3169369 -0.4189372 0.04524642 -0.2091242 -0.9768418 0.05350279 -0.2865327 -0.9565755 0.04242843 -0.2173423 -0.9751729 -0.8112558 -0.0262286 -0.5841028 -0.7960807 -0.01496011 -0.6050056 -0.7968775 -0.01735031 -0.6038918 -0.7573617 0.5872485 0.2855566 -0.8014723 0.5310941 0.2749204 -0.7616428 0.5812664 0.2864083 -0.1424968 0.6093187 0.7800163 -0.1336217 0.6294173 0.7654928 -0.1463509 0.6096422 0.7790494 0.8198917 0.06039708 0.5693241 0.8216423 0.0644921 0.5663434 0.8198301 0.06051778 0.5694001 0.7968684 -0.5384128 -0.2740668 0.8002319 -0.5511282 -0.236404 0.7962667 -0.5408799 -0.2709402 -0.03189742 -0.5974954 -0.8012377 -0.01467186 -0.5836852 -0.8118476 -0.0175364 -0.5846503 -0.811096 -0.9083557 -0.007481753 -0.4181315 -0.9198266 -0.05215114 -0.3888435 -0.9252805 -0.04511767 -0.3765906 -0.8454059 0.44032 0.3023364 -0.8812172 0.3528033 0.3146207 -0.8478046 0.4324827 0.3068978 0.1290004 0.5080495 0.8516129 0.1232872 0.480492 0.8682901 0.1298739 0.4783682 0.8685026 0.9122624 0.05224066 0.4062615 0.9048521 0.01862794 0.4253184 0.9084342 0.01296776 0.4178268 0.9420745 -0.2655661 -0.2048661 0.922959 -0.3176835 -0.2173107 0.9236144 -0.3132278 -0.2209638 0.139023 -0.4250639 -0.8944234 0.05475783 -0.4827632 -0.8740374 0.05276656 -0.4718566 -0.8800949 -0.6707669 -0.5943189 -0.4436856 -0.6844696 -0.609455 -0.4000824 -0.6860946 -0.6060664 -0.4024399 -0.9074314 0.07510495 0.413434 -0.8994212 0.05711728 0.433335 -0.8983903 0.05887287 0.4352345 -0.1456213 0.6622479 0.7349981 -0.156957 0.6686548 0.7268186 -0.1568036 0.6678144 0.7276239 0.6832286 0.6363458 0.358138 0.6755589 0.6285429 0.3854271 0.6834151 0.6351132 0.3599655 0.8959467 -0.04833877 -0.4415234 0.9259449 -0.05001318 -0.3743324 0.8982042 -0.04978656 -0.4367499 0.1200252 -0.6322413 -0.7654182 0.149287 -0.6585453 -0.737585 0.1213388 -0.6352515 -0.762714 -0.761397 -0.1564484 -0.6291253 -0.7621017 -0.1534146 -0.629019 -0.7613997 -0.1564072 -0.6291323 -0.9297029 -0.1309784 0.3442342 -0.9299165 -0.1293987 0.3442549 -0.9297215 -0.1308964 0.3442155 -0.2037274 0.08155727 0.9756247 -0.151519 0.04074811 0.9876141 -0.1509301 0.04769498 0.9873932 0.778291 0.1794853 0.6017044 0.7755464 0.1847069 0.6036649 0.7757095 0.184251 0.6035947 0.9097638 0.1968708 -0.3654745 0.9109703 0.1908151 -0.3656811 0.9109123 0.1908242 -0.365821 -0.1688069 -0.04548645 -0.9845991 -0.1622697 -0.08506524 -0.983073 -0.173079 -0.08787238 -0.9809802 -0.6922147 -0.3439234 -0.6344726 -0.6844075 -0.3445969 -0.6425257 -0.6912617 -0.3446599 -0.6351118 -0.6279944 -0.7416508 0.2357482 -0.644367 -0.7283481 0.233024 -0.6425596 -0.7296504 0.233939 -0.0125606 -0.3715357 0.9283338 0.02085697 -0.3759642 0.9263995 0.01760607 -0.3726028 0.9278239 0.648163 0.353546 0.6744554 0.6603674 0.3523055 0.663171 0.6585962 0.3537577 0.6641585 0.6723546 0.7220725 -0.1629436 0.607685 0.7883911 -0.0956999 0.6203671 0.7779035 -0.100054 -0.1403444 0.3755405 -0.9161184 -0.07976418 0.3732244 -0.9243058 -0.1328197 0.3729835 -0.9182823 -0.8001008 -0.06738758 -0.5960687 -0.8019447 -0.0824626 -0.5916795 -0.8017004 -0.08109623 -0.5921993 -0.8438548 -0.1843236 0.5039186 -0.840185 -0.2039026 0.5025067 -0.8392212 -0.2040469 0.5040564 -0.2015324 -0.1097784 0.9733105 -0.1923841 -0.09506893 0.9767039 -0.2014826 -0.107934 0.9735271 0.858796 0.1293169 0.4957284 0.8556409 0.1034703 0.5071219 0.8595339 0.1290839 0.4945087 0.8899135 0.2007146 -0.4095945 0.890875 0.1963483 -0.4096207 0.8907983 0.1963973 -0.4097641 0.1066919 0.09873789 -0.9893774 0.1390338 0.07381319 -0.9875329 0.108899 0.09469825 -0.9895319 -0.8476426 0.2103501 -0.4870884 -0.850213 0.1984347 -0.4876081 -0.8504721 0.1985132 -0.4871241 -0.8567522 0.1579567 0.4909435 -0.9120491 0.07099103 0.4038898 -0.8634548 0.1480461 0.4822117 -0.2567256 -0.001041531 0.9664838 -0.2540442 0.01879054 0.9670102 -0.2587521 -4.91496e-4 0.9659436 0.7954357 -0.1056758 0.5967535 0.8038514 -0.1286031 0.5807618 0.8043448 -0.1251004 0.5808436 0.8889931 -0.1093699 -0.4446679 0.8999979 -0.1672711 -0.4025224 0.8894656 -0.1164406 -0.4419194 0.1278544 4.66686e-4 -0.9917929 0.1431304 0.02199482 -0.9894594 0.1404787 0.01977765 -0.9898862 -0.5934563 -0.1043075 -0.7980787 -0.5986186 -0.06537413 -0.7983622 -0.5933023 -0.06382822 -0.8024452 -0.9527646 -0.1520364 0.2629156 -0.9538576 -0.1459605 0.2623953 -0.9528198 -0.1520861 0.2626868 -0.04711836 0.0299313 0.9984408 -0.04415589 0.009521722 0.9989794 -0.04177659 0.01019769 0.999075 0.601619 0.057015 0.796746 0.6098574 0.1803032 0.7717284 0.6034411 0.07273459 0.7940835 0.9786309 0.147526 -0.1432398 0.9755632 0.1667181 -0.1431133 0.9788587 0.1478489 -0.1413382 0.2042189 0.1167159 -0.9719425 0.1655399 0.05405747 -0.9847204 0.1620625 0.06204742 -0.9848279 0.1858726 0.116518 -0.9756408 0.1875854 0.1170545 -0.9752488 0.1866051 0.1165469 -0.9754976 -0.45499 -0.8694223 -0.1925857 -0.4554256 -0.8690426 -0.1932682 -0.4551853 -0.8692202 -0.1930356 -0.2557607 -0.08339697 0.9631363 -0.2554944 -0.08332753 0.963213 -0.2556189 -0.08332753 0.96318 0.3882209 0.9031646 0.1832438 0.3879008 0.9034029 0.1827461 0.3880456 0.9032748 0.183072 0.2550532 0.252988 -0.9332444 0.2452248 0.2518614 -0.9361788 0.2527358 0.253579 -0.9337143 -0.4502825 -0.8215734 -0.3496609 -0.4471906 -0.8250038 -0.3455277 -0.4486059 -0.8239483 -0.3462111 -0.2619021 -0.2163065 0.9405418 -0.2597079 -0.2193337 0.9404492 -0.2598667 -0.2187792 0.9405344 0.4179046 0.8357004 0.3563153 0.4112095 0.8425112 0.3479681 0.4153962 0.8375151 0.3549852 -0.187165 0.5338325 -0.8246164 -0.1761692 0.5257319 -0.8322082 -0.178182 0.5239911 -0.8328773 -0.8477298 -0.5042542 -0.1645659 -0.8201696 -0.5386472 -0.1928238 -0.8415723 -0.5135667 -0.1673483 0.2394283 -0.3953663 0.8867692 0.3285044 -0.4857058 0.8100462 0.2684552 -0.4128286 0.8703473 0.8478003 0.4369282 0.3005473 0.8405194 0.4456033 0.3081641 0.8421914 0.4426436 0.3078643 -0.7277218 0.6649039 -0.1682966 -0.7281293 0.663993 -0.1701208 -0.728026 0.6644099 -0.1689311 -0.3100678 -0.09310311 0.9461447 -0.3098441 -0.09307307 0.9462209 -0.309982 -0.09307044 0.9461761 0.7760269 -0.5986418 0.1985203 0.7758439 -0.5991736 0.1976293 0.7759936 -0.59887 0.1979614 0.3534467 0.156458 -0.9222778 0.3550223 0.156692 -0.9216327 0.3543655 0.1564334 -0.9219294 -0.2081764 0.9707385 -0.1197054 -0.2417504 0.9600309 -0.1410591 -0.2183019 0.9684333 -0.120338 -0.590741 -0.005735099 0.8068409 -0.5903894 -0.005170285 0.8071021 -0.5905043 -0.00528711 0.8070172 0.2629725 -0.9514734 0.1598247 0.252327 -0.9541286 0.1611514 0.2606779 -0.9522204 0.1591333 0.6156759 0.00115472 -0.7879987 0.6087912 0.004830777 -0.7933158 0.6105756 0.004962205 -0.7919424 -0.3553874 0.8982676 -0.2584861 -0.3948095 0.8750944 -0.2798849 -0.369503 0.8923786 -0.2590911 -0.6606988 -0.04411244 0.749354 -0.6743518 -0.04048526 0.7372996 -0.663654 -0.04493767 0.7466887 0.363853 -0.8153777 0.4503004 0.3642156 -0.8368827 0.4086251 0.3702208 -0.8304605 0.4162595 0.7484764 0.04204285 -0.6618274 0.7159395 0.05019539 -0.6963555 0.7246752 0.05519002 -0.686877 -0.6721726 0.4698512 -0.5722096 -0.6980957 0.4491916 -0.5575745 -0.690244 0.4548896 -0.5627066 -0.3706334 0.2757974 0.886886 -0.374309 0.2638964 0.888961 -0.3688425 0.2747511 0.8879567 0.7784923 -0.4267851 0.4602219 0.7599546 -0.4435721 0.4750924 0.7761119 -0.4311899 0.4601365 0.3967236 -0.2260901 -0.8896593 0.4010091 -0.2502512 -0.8812299 0.3953868 -0.2276057 -0.889868 -0.9279105 0.01094883 -0.3726422 -0.9175219 0.03623539 -0.3960312 -0.9204281 0.03052985 -0.3897179 -0.3818197 0.3065592 0.8719146 -0.4012497 0.2894757 0.8690239 -0.3840813 0.3023339 0.8723967 0.9323822 -0.06379938 0.3557994 0.9237238 -0.1155094 0.3652286 0.9268844 -0.1068457 0.3598186 0.3649294 -0.2761623 -0.8891349 0.3627715 -0.2823601 -0.8880708 0.3645927 -0.2762462 -0.889247 -0.9320964 -0.07723796 -0.3538796 -0.9316409 -0.07408726 -0.3557478 -0.931663 -0.07486903 -0.3555258 -0.3670477 0.05153751 0.9287734 -0.3865329 0.0230506 0.9219875 -0.3688003 0.04483067 0.928427 0.9434192 0.09695523 0.317112 0.9377427 0.132408 0.3211027 0.9374249 0.1266297 0.3243447 0.4850724 -0.001428484 -0.8744729 0.4715658 0.01696956 -0.8816676 0.4846464 0.001995682 -0.8747079 -0.946039 0.2377583 -0.220185 -0.9455655 0.2325598 -0.2276442 -0.9462785 0.2357665 -0.2212951 -0.3427457 -0.8184478 0.46116 -0.3443012 -0.8162109 0.4639574 -0.3431241 -0.8181912 0.4613339 0.942665 -0.2199055 0.2510465 0.9422835 -0.2225669 0.2501319 0.9426727 -0.2203752 0.2506057 0.3321537 0.8337066 -0.4411431 0.3296699 0.8326494 -0.4449862 0.3298277 0.8331109 -0.4440044 -0.9225372 0.1901358 -0.335818 -0.9214373 0.1883682 -0.3398097 -0.9224529 0.1891474 -0.3366066 -0.290936 -0.9407512 0.1741939 -0.2866133 -0.9399248 0.1854568 -0.291101 -0.9404657 0.1754554 0.8926415 -0.2039722 0.4019783 0.9004223 -0.1969998 0.387854 0.898763 -0.1967163 0.3918263 0.2465262 0.9582397 -0.1449193 0.24151 0.9573894 -0.1583623 0.2411858 0.9580791 -0.1546411 -0.6770982 0.03267902 -0.7351668 -0.6973246 0.03064501 -0.7161001 -0.6779717 0.03436827 -0.7342841 -0.4510689 -0.7703715 0.450627 -0.4673621 -0.75186 0.4650583 -0.4662625 -0.7554236 0.4603636 0.7347921 0.03216069 0.6775296 0.7242507 0.03514605 0.6886405 0.7272694 0.0339263 0.6855132 0.4137509 0.7969785 -0.4400405 0.4127205 0.7990256 -0.4372872 0.4138333 0.7970854 -0.4397692 -0.7522971 0.002338588 -0.6588199 -0.7528499 8.66255e-4 -0.6581917 -0.7528076 0.001178383 -0.6582397 -0.7386295 -0.0821914 0.6690824 -0.737989 -0.0358631 0.6738591 -0.741499 -0.07347154 0.6669193 0.7235915 0.007356882 0.6901894 0.7294184 0.01820468 0.6838256 0.7239314 0.009868919 0.6898015 0.659204 0.02722859 -0.7514711 0.660237 0.02219212 -0.7507295 0.6599366 0.02251487 -0.7509839 -0.7634925 -0.2344181 -0.6017703 -0.7407606 -0.2853198 -0.6081665 -0.7483353 -0.2762157 -0.6030749 -0.6190465 -0.3446198 0.7057045 -0.6209586 -0.3543734 0.6991637 -0.6185985 -0.3467332 0.7050618 0.7457419 0.213907 0.6309619 0.7233718 0.2363066 0.6487623 0.7278174 0.2310975 0.6456592 0.6241292 0.3884301 -0.6779268 0.6498423 0.3694846 -0.6642185 0.627886 0.3833807 -0.6773318 0.9846203 0.09102314 0.1491228 0.9846627 0.09133714 0.1486505 0.9846431 0.09127426 0.1488189 0.08579832 -0.9944232 0.0613293 0.08557009 -0.9944663 0.06094771 0.08575946 -0.9944342 0.06120288 -0.9703146 -0.09740298 -0.2213645 -0.9703888 -0.09778738 -0.2208691 -0.9703488 -0.09745949 -0.2211894 -0.06848675 0.9890562 -0.1306812 -0.06915873 0.9888373 -0.1319772 -0.06904977 0.9889034 -0.1315388 0.969698 0.0972923 0.2240985 0.9687188 0.09683805 0.2284874 0.9694974 0.09654325 0.2252868 0.04594135 -0.9873154 0.1519792 0.05304968 -0.98781 0.1463459 0.05112636 -0.987581 0.1485592 -0.9562173 -0.09423083 -0.2770726 -0.9583338 -0.1008765 -0.2672458 -0.9570423 -0.09500795 -0.2739409 -0.06188654 0.9776707 -0.2008235 -0.05866754 0.9792179 -0.1941404 -0.05878812 0.9787719 -0.1963405 0.9628853 0.1816043 0.1996791 0.9665243 0.1810217 0.1818295 0.961957 0.1885949 0.197663 0.05316334 -0.8960173 0.4408252 0.03145974 -0.9118105 0.4094045 0.0544818 -0.8987223 0.4351206 -0.9791033 -0.06397968 -0.1930374 -0.9764915 -0.07679617 -0.2014116 -0.9774363 -0.07307332 -0.1981884 0.03590214 0.8924801 -0.449656 0.03788018 0.890667 -0.4530757 0.03681445 0.8910888 -0.4523333 0.8480286 0.2015457 0.4901294 0.8889306 0.1715502 0.4247033 0.8790964 0.1841474 0.4396355 0.09830242 -0.9455059 0.3104114 0.09491783 -0.9641374 0.2478504 0.107948 -0.9471033 0.3022295 -0.8504484 -0.04056406 -0.5244923 -0.8443946 -0.05059623 -0.5333272 -0.8456903 -0.04901283 -0.5314188 0.1554395 0.9716097 -0.1783626 0.1163905 0.9789707 -0.1675401 0.1533363 0.9727783 -0.1737541 0.6841943 -0.03522658 0.7284486 0.6388518 0.009092509 0.7692761 0.6735146 -0.02925652 0.7385948 0.03785103 -0.9768097 -0.2107375 -0.02997231 -0.9869411 -0.1582686 -0.02081924 -0.9845423 -0.1739055 -0.6261166 -0.08416455 -0.7751738 -0.595617 -0.04419398 -0.802052 -0.6192427 -0.08536648 -0.7805454 -0.1035889 0.9711602 0.2147495 -0.08077186 0.9824312 0.1682406 -0.08558201 0.9786922 0.1866477 0.173103 -0.289344 0.9414433 0.0884087 -0.2457484 0.9652935 0.1569575 -0.2856977 0.945379 0.1072919 -0.956223 -0.2722609 0.1822912 -0.9573195 -0.2242973 0.1676949 -0.9606615 -0.2213771 -0.1070742 -0.05983895 -0.9924487 -0.08835232 -0.05865043 -0.9943612 -0.1064066 -0.06176656 -0.9924024 -0.1939982 0.9517675 0.2377048 -0.1879233 0.9541061 0.2331665 -0.1892253 0.9536986 0.2337793 -0.733703 0.09556978 -0.6727157 -0.7374664 0.08973276 -0.6693963 -0.7369505 0.09170919 -0.6696965 -0.8898288 0.05158209 0.45337 -0.8936192 0.06588977 0.4439633 -0.8928656 0.06268572 0.445939 -0.2053597 0.1080254 0.9727065 -0.2081381 0.1049497 0.9724527 -0.2056452 0.1071747 0.9727403 0.777225 0.1119981 0.6191751 0.7893066 0.08984178 0.6073909 0.7880203 0.09741705 0.6078931 0.9732323 0.04385584 -0.2256007 0.9670039 0.07112455 -0.244632 0.9729999 0.05117392 -0.2250607 0.05921012 0.09243631 -0.9939566 0.0838716 0.06493586 -0.9943586 0.06256031 0.08506792 -0.9944092 -0.3261702 0.5120946 -0.7945893 -0.3237401 0.5100724 -0.7968807 -0.3258724 0.5099684 -0.7960776 -0.01797735 0.9958061 0.08970528 -0.03182595 0.9960042 0.08344429 -0.02585494 0.995278 0.0935595 0.4477407 0.4361891 0.7805558 0.4413992 0.4391105 0.7825272 0.4426063 0.4343303 0.7845106 0.6813584 -0.1513077 0.7161402 0.6831527 -0.1431913 0.7160996 0.6764397 -0.1487013 0.7213303 0.493534 -0.8379646 -0.2328941 0.4394321 -0.8525719 -0.2828795 0.4617778 -0.8453379 -0.2686359 0.07068455 -0.4081797 -0.910161 0.04648238 -0.3477749 -0.9364251 0.07222092 -0.3856095 -0.9198312 -0.6514253 -0.1980237 -0.7324151 -0.6515252 -0.1910053 -0.734188 -0.6474115 -0.1949979 -0.7367729 -0.3612567 -0.902296 0.235278 -0.3615624 -0.9057589 0.2210741 -0.3534154 -0.9057383 0.2339566 -0.184889 -0.1986478 0.9624735 -0.1159073 -0.2123655 0.9702919 -0.15838 -0.2002281 0.9668632 0.3123887 0.4513481 0.8358818 0.3055959 0.4485955 0.839865 0.3120846 0.4458277 0.8389524 0.1076861 0.9929519 -0.04949939 0.1283284 0.9910402 -0.03703045 0.1181269 0.9919958 -0.04461365 -0.2759495 0.5262725 -0.8042943 -0.2751097 0.5265451 -0.8044034 -0.2754652 0.5263772 -0.8043918 -0.8275403 0.4696496 -0.3075817 -0.7880124 0.506409 -0.3501237 -0.8065279 0.4850598 -0.3379793 -0.1972585 0.006139218 0.9803323 -0.1774551 -0.08511561 0.9804413 -0.1898735 -0.03295421 0.9812554 0.5529978 -0.7804825 0.2916174 0.5691927 -0.6975787 0.4352053 0.5509909 -0.7464928 0.3730383 0.2594161 0.09636783 -0.9609457 0.266569 0.07556605 -0.960849 0.259541 0.08643043 -0.9618567 -0.1870622 0.9823413 -0.003653466 -0.2447587 0.9634734 -0.1086841 -0.2119417 0.9772804 0.001925408 -0.1412103 0.322721 0.9359011 -0.09469401 0.2913942 0.9519047 -0.115682 0.3113453 0.9432296 0.4407956 -0.865657 0.2373547 0.43796 -0.8679162 0.2343343 0.4402844 -0.8663641 0.2357178 0.1637837 0.009110391 -0.9864543 0.1592637 0.002326607 -0.9872334 0.1567404 0.004440546 -0.9876299 -0.9184256 0.227362 -0.3237298 -0.9388781 0.1790037 -0.2940505 -0.9376198 0.1886004 -0.29206 -0.4419475 -0.06597274 0.8946117 -0.4423554 -0.05546104 0.8951234 -0.4428539 -0.06530964 0.894212 0.9338847 -0.1352503 0.3310088 0.9334468 -0.1378578 0.3311682 0.9335127 -0.1376999 0.331048 0.4779503 0.04841244 -0.8770518 0.4811459 0.06383365 -0.8743135 0.4793306 0.04777669 -0.876333 -0.9204352 0.142373 -0.3640452 -0.9204236 0.1424931 -0.3640274 -0.9204352 0.142373 -0.3640452 -0.4796398 -0.6300475 0.6107258 -0.449087 -0.6142644 0.6488453 -0.4697933 -0.6179722 0.6304005 0.8841317 0.07211619 0.4616387 0.9072925 0.08429032 0.4119657 0.8955391 0.08373266 0.437034 0.1782569 0.7408288 -0.6476088 0.1835552 0.7378872 -0.6494845 0.1810897 0.7346916 -0.6537849 -0.7729711 -0.2007104 -0.6018564 -0.7725187 -0.2018766 -0.602047 -0.7725553 -0.2018117 -0.6020219 -0.4877232 -0.1345702 0.8625642 -0.5098111 -0.237078 0.8269745 -0.4744619 -0.1480088 0.8677438 0.7470133 0.2234807 0.626121 0.7452231 0.2280787 0.6265962 0.7452561 0.227319 0.6268328 0.4943391 0.1987146 -0.8462515 0.5412212 0.1548458 -0.8265001 0.4916653 0.1926265 -0.8492116 -0.2239913 0.9736931 -0.0418303 -0.1841696 0.9316256 0.3132978 0.0236302 0.9960561 0.08552098 0.0294575 0.8901512 0.4547123 0.9093576 -0.052248 -0.4127213 -0.6670951 0.7358229 0.1163995 -0.6670961 0.7345935 0.1239163 -0.6663346 0.7361139 0.1188895 -0.3964235 0.9133087 0.09335798 0.9485404 0.2881313 -0.1313453 0.9485404 0.2881313 -0.1313455 -0.3695763 -0.2151955 0.9039382 -0.368714 -0.1416795 0.9186822 -0.3733483 -0.2021337 0.9054023 -0.7703639 -0.5449819 -0.3309597 -0.7641134 -0.5635436 -0.3139259 -0.7666344 -0.559691 -0.3146711 0.7388408 0.5891252 0.3271787 0.7327723 0.5937064 0.332502 0.7337221 0.5926209 0.3323439 0.2746483 0.1507902 -0.9496477 0.2800849 0.1448792 -0.9489797 0.2796558 0.1448503 -0.9491108 -0.344026 -0.02909576 0.9385092 -0.3419405 -0.03085237 0.939215 -0.3435159 -0.02916908 0.9386938 -0.5427718 -0.8180237 -0.190358 -0.5384163 -0.8209742 -0.1900248 -0.5386241 -0.8208866 -0.1898139 0.5079157 0.8342483 0.214596 0.4780589 0.8521858 0.2126953 0.4817033 0.8491656 0.2165176 0.2771503 0.04781913 -0.9596359 0.3157303 0.03394043 -0.9482418 0.2807456 0.04186397 -0.9588689 0.4300922 0.07069563 0.9000127 0.5203888 -0.5816868 0.6251688 -0.1249012 -0.8584406 0.4974731 -0.6139987 -0.3770996 0.6933985 -0.2709921 0.1971352 0.9421789 0.6139967 0.3770993 -0.6934005 0.2709972 -0.1971297 -0.9421786 -0.4300875 -0.07069081 -0.9000153 -0.520385 0.5816878 -0.625171 0.1249005 0.8584399 -0.4974745 0.7123254 0.5426335 0.4451308 0.858419 -0.5129492 4.39156e-4 -0.1856719 -0.9607398 -0.2061676 -0.9770475 -0.1819187 0.110832 -0.4220564 0.7472131 0.5133624 0.9770463 0.1819242 -0.1108341 0.4220589 -0.7472128 -0.5133609 -0.7123268 -0.5426323 -0.4451301 -0.8584217 0.5129446 -4.38497e-4 0.1856718 0.9607396 0.2061687 -0.04688203 0.7567793 0.6519871 -0.1366133 0.130414 0.9820026 0.4406579 -0.2698432 0.8561574 0.8871607 0.1091445 0.4483675 0.5858403 0.7436322 0.3221837 -0.8871606 -0.1091454 -0.4483677 -0.5858404 -0.7436323 -0.3221834 0.04689311 -0.756776 -0.6519901 0.1366149 -0.1304152 -0.9820022 -0.4406576 0.2698431 -0.8561575 -0.5540626 0.8181626 0.1537034 -0.6992519 -0.1953175 0.6876757 0.2347914 -0.842951 0.4840524 0.9572513 -0.2297326 -0.1757636 0.4697065 0.7968888 -0.3799263 -0.9572524 0.2297301 0.1757612 -0.4697068 -0.7968887 0.3799261 0.5540667 -0.8181576 -0.1537153 0.6992514 0.1953199 -0.6876756 -0.2347912 0.8429508 -0.4840527 -0.7235121 0.6550018 0.217952 -0.8989005 -7.67727e-4 0.4381522 -0.8919335 -0.4332309 -0.1294831 -0.712237 -0.04473507 -0.7005122 -0.6081459 0.627826 -0.4857913 0.7122383 0.04474115 0.7005105 0.6081457 -0.6278302 0.4857861 0.7235093 -0.655005 -0.2179513 0.8988996 7.70536e-4 -0.438154 0.8919316 0.4332349 0.1294819 -0.1107798 0.837573 0.5349761 -0.3945527 -0.2234925 0.8912797 -0.3832755 -0.9232343 -0.02717268 -0.09252989 -0.2946351 -0.9511196 0.0758866 0.7936043 -0.6036832 0.09252923 0.2946347 0.9511197 -0.07588702 -0.7936034 0.6036843 0.1107794 -0.8375738 -0.5349749 0.3945571 0.2234918 -0.8912778 0.3832747 0.9232347 0.02717179 -0.1716609 0.5736615 -0.8009027 -0.2346943 -0.1180227 -0.9648779 0.3846482 -0.4381213 -0.8124627 0.8304592 0.05573374 -0.5542845 0.4866253 0.6810468 -0.5471481 -0.8304597 -0.05573421 0.5542838 -0.4866243 -0.681047 0.547149 0.1716596 -0.5736607 0.8009034 0.2346923 0.1180214 0.9648785 -0.3846495 0.4381206 0.8124625 -0.6357952 0.7197232 -0.2788602 -0.7377761 -0.3994495 -0.5441752 0.264333 -0.9173814 -0.2975559 0.9856773 -0.1183026 0.1201872 0.4293435 0.8934795 0.131752 -0.9856777 0.1183012 -0.1201849 -0.4293432 -0.89348 -0.1317504 0.6357971 -0.7197211 0.2788615 0.7377757 0.3994484 0.5441765 -0.2643332 0.9173813 0.2975559 0.6480334 -0.1518517 -0.7463202 0.7242853 -0.6470632 -0.2381598 0.09884554 -0.9819937 -0.1609906 -0.3639323 -0.6937859 -0.6214616 -0.02452117 -0.1807234 -0.9832283 0.3639497 0.6937721 0.6214668 0.02453768 0.1807217 0.9832282 -0.6480252 0.1518619 0.7463253 -0.7242839 0.647063 0.2381646 -0.09883975 0.9819928 0.1609997 0.7492941 0.488214 -0.4474433 0.8726702 -0.3130391 0.3747709 -0.139297 -0.8549585 0.4996423 -0.8881144 -0.388612 -0.2454255 -0.3389433 0.4415228 -0.8307678 0.8881186 0.3886086 0.2454155 0.3389354 -0.4415268 0.8307688 -0.7492796 -0.4882241 0.4474565 -0.8726662 0.3130404 -0.3747792 0.1393095 0.8549603 -0.4996358 0.7219505 -0.4096477 -0.5576524 0.1164617 -0.7836865 -0.610141 -0.06875348 -0.9966022 0.04535371 0.4222774 -0.7541388 0.5029479 0.9109594 -0.3913829 0.1302781 -0.4222853 0.7541469 -0.5029292 -0.910961 0.3913829 -0.1302675 -0.7219588 0.4096478 0.5576416 -0.1164795 0.7836965 0.6101249 0.06872314 0.9966049 -0.04534345 0.5869224 0.2590811 -0.7670719 -0.3927859 -0.3461422 -0.8520005 -0.6924598 -0.6906445 0.2085896 0.1020314 -0.2983276 0.9489943 0.8927364 0.2886329 0.3459954 -0.1020318 0.2983266 -0.9489947 -0.892733 -0.2886331 -0.3460041 -0.5869175 -0.2590824 0.7670751 0.3927862 0.3461439 0.8519997 0.6924732 0.6906302 -0.2085924 -0.7026783 0.3496987 -0.6196403 -0.7036246 0.349074 -0.6189184 -0.7089433 0.3496598 -0.6124848 -0.5617722 0.7899043 0.2458925 -0.5618209 0.7890839 0.2484024 -0.5762832 0.7774348 0.2519776 0.06334096 0.4414781 0.8950336 0.0910781 0.4529575 0.8868678 0.09894943 0.4533502 0.8858233 0.7205359 -0.3379501 0.6054896 0.7216094 -0.3375592 0.6044285 0.7217609 -0.3374524 0.6043071 0.6453548 -0.738257 -0.1961985 0.6418801 -0.7413635 -0.195883 0.6167321 -0.7592452 -0.2078182 -0.1105221 -0.4409076 -0.8907218 -0.09799897 -0.4317923 -0.8966335 -0.09806483 -0.4302264 -0.8973788 -0.8167687 0.08313477 -0.5709445 -0.807677 0.1058866 -0.5800396 -0.8087711 0.1080684 -0.5781097 -0.8983805 0.3449596 0.2718742 -0.8998418 0.3426746 0.269924 -0.9008401 0.318045 0.2955242 -0.1011093 0.2750255 0.9561057 -0.09470677 0.2809855 0.9550277 -0.1125152 0.3449784 0.9318425 0.8839402 -0.1379476 0.446789 0.8865012 -0.1345965 0.4427182 0.8851229 -0.08775091 0.4570093 0.7713599 -0.3531834 -0.529401 0.7703685 -0.3501729 -0.5328335 0.7939653 -0.3154146 -0.5197432 0.1311819 -0.2966068 -0.9459471 0.141146 -0.2713488 -0.9520754 0.1391537 -0.2698987 -0.9527807 -0.8185603 0.002110302 -0.574417 -0.8187231 0.00218898 -0.5741846 -0.8221385 -0.00490576 -0.5692664 -0.8397353 0.5010286 0.20932 -0.8285409 0.52182 0.2030366 -0.8263537 0.524764 0.2043587 0.08176541 0.641536 0.7627229 0.004506409 0.5976201 0.8017668 0.007967948 0.5885896 0.8083928 0.8442791 0.05188792 0.533386 0.8352338 0.0458914 0.547977 0.8348834 0.04384225 0.5486781 0.819325 -0.5375357 -0.1994045 0.8215144 -0.528349 -0.2143863 0.8215276 -0.5276358 -0.2160853 0.0853632 -0.5908275 -0.8022692 0.08103221 -0.5945488 -0.799966 0.03310638 -0.613556 -0.788957 -0.7736399 -0.1814793 -0.6070805 -0.7823375 -0.1581535 -0.6024413 -0.6807532 -0.08038735 -0.7280885 -0.9146451 0.3299384 0.2335918 -0.9101774 0.3536534 0.215654 -0.9087669 0.3559289 0.2178474 -0.07538694 0.5355932 0.8411045 -0.06281745 0.5437558 0.8368893 -0.1221585 0.6375675 0.7606478 0.7934622 0.1685091 0.584827 0.803356 0.1717194 0.5702033 0.758399 0.3284083 0.5630091 0.8821547 -0.3668044 -0.2953943 0.8815338 -0.3670519 -0.2969363 0.8926848 -0.3399665 -0.295866 -0.1217204 -0.4675092 -0.8755681 -0.1257997 -0.4633436 -0.8772041 -0.08034116 -0.4303563 -0.8990767 -0.7386126 -0.5835599 -0.3375048 -0.7394061 -0.5829185 -0.3368748 -0.73688 -0.5728707 -0.3589249 -0.9389499 -0.02437663 0.3431893 -0.9396762 -0.01618522 0.3416822 -0.9655061 -0.00516349 0.2603294 -0.1360934 0.6716346 0.7282757 -0.1359895 0.6715843 0.7283416 -0.1339483 0.6678894 0.7321077 0.6523928 0.6397414 0.4063431 0.6525998 0.6459714 0.3960236 0.6527628 0.6463444 0.3951454 0.9460704 0.004951238 -0.3239233 0.9359046 0.01783502 -0.3518018 0.9345393 0.01781409 -0.3554141 0.2064834 -0.6328782 -0.7462103 0.2015133 -0.6201143 -0.7581892 0.2003073 -0.6200773 -0.7585388 -0.7739266 -0.1488966 -0.615522 -0.7697225 -0.1553167 -0.6191963 -0.769702 -0.1559852 -0.6190539 -0.9273729 -0.1253921 0.3525001 -0.9277086 -0.1291589 0.3502495 -0.9276285 -0.1294888 0.35034 -0.03653085 0.04673582 0.9982392 -0.03493785 0.04871577 0.9982015 -0.05629903 0.07302135 0.9957401 0.7638824 0.1862307 0.6179011 0.7641404 0.1854279 0.6178236 0.7705317 0.1787196 0.6118336 0.9209069 0.1969994 -0.3363358 0.9203283 0.1987154 -0.3369094 0.9204509 0.2154051 -0.3261455 0.1085704 -0.001233816 -0.9940881 0.09025758 0.00729382 -0.9958918 0.1696918 0.1617838 -0.972127 -0.6790013 -0.3373221 -0.6520515 -0.6822441 -0.3359562 -0.6493662 -0.6828001 -0.3355744 -0.6489791 -0.6874676 -0.7062782 0.1689951 -0.6833645 -0.7101957 0.1692193 -0.6542952 -0.7327642 0.1869612 0.07406049 -0.3468546 0.9349904 0.07376754 -0.3458968 0.9353683 0.05674463 -0.3421102 0.937945 0.6737256 0.366434 0.641732 0.6733264 0.366832 0.6419237 0.6667989 0.3685367 0.6477345 0.5939984 0.7632271 -0.2542645 0.5936458 0.7617528 -0.2594559 0.6155452 0.7435219 -0.2613033 -0.01516312 0.4110182 -0.9115011 -0.03696829 0.4195524 -0.9069781 -0.04223322 0.4203569 -0.9063755 -0.8276651 -0.1032696 -0.5516393 -0.8277041 -0.09963697 -0.5522485 -0.8193448 -0.07554382 -0.5683022 -0.889997 -0.1919054 0.4136155 -0.8894774 -0.1854286 0.4176677 -0.9113854 -0.1307665 0.3902267 -0.1743887 -0.0907011 0.9804907 -0.1761804 -0.0975852 0.9795088 -0.1763128 -0.09840124 0.9794034 0.8062 0.06041991 0.5885502 0.8181305 0.09516012 0.5671041 0.8168607 0.1008174 0.5679565 0.9007436 0.2009002 -0.3850977 0.8999915 0.202972 -0.3857693 0.8999078 0.2170379 -0.3782334 0.1835413 0.07885003 -0.9798446 0.1765787 0.0905897 -0.980109 0.175062 0.09238761 -0.9802132 -0.8189348 0.2036101 -0.5365527 -0.8191246 0.2075799 -0.5347387 -0.8011754 0.2365331 -0.5497 -0.9589214 0.07740855 0.2729061 -0.9478476 0.1277367 0.2920076 -0.9444245 0.1317873 0.3011552 -0.1005258 0.05842649 0.9932175 -0.1509414 0.005266904 0.9885287 -0.1476995 -0.002449393 0.9890294 0.8305543 -0.1399312 0.5390723 0.8308271 -0.1390925 0.5388688 0.8290171 -0.1277345 0.5444396 0.9274361 -0.1790704 -0.328323 0.9292752 -0.1529598 -0.3362305 0.9286877 -0.1502818 -0.3390495 0.2380113 0.026519 -0.9709004 0.2347934 0.02177256 -0.9718014 0.1925212 -0.007202684 -0.9812664 -0.7316769 -0.1092004 -0.6728479 -0.7234582 -0.1190683 -0.6800228 -0.7454838 -0.2282251 -0.6262326 -0.9425456 -0.117322 0.3127993 -0.9434078 -0.1402649 0.3005121 -0.9426253 -0.1429198 0.3017147 -0.1640911 0.006372332 0.9864247 -0.1605927 0.01455897 0.9869134 -0.2144802 0.07059597 0.9741737 0.7376675 0.1946821 0.6464872 0.7503422 0.1347922 0.6471614 0.7458627 0.1308861 0.6531139 0.9348499 0.2196508 -0.278943 0.9563657 0.1652449 -0.2409541 0.9564625 0.1592389 -0.2445866 0.04268121 0.01495456 -0.9989768 0.03978997 0.01639574 -0.9990736 0.05623143 0.05230164 -0.997047 0.1916351 0.1187881 -0.9742512 0.1908156 0.1184143 -0.9744575 0.1901311 0.11838 -0.9745956 -0.4564193 -0.8680222 -0.1954969 -0.4561536 -0.868218 -0.1952473 -0.4559428 -0.8684527 -0.1946948 -0.2548044 -0.08300542 0.9634235 -0.2548969 -0.08301019 0.9633986 -0.2550238 -0.08306759 0.9633602 0.387051 0.9041313 0.1809365 0.3872057 0.9039894 0.1813148 0.3874427 0.9038454 0.1815257 0.2243605 0.2394533 -0.9446293 0.2337521 0.2425394 -0.9415596 0.2376035 0.2414264 -0.9408814 -0.4453536 -0.8301425 -0.3354454 -0.4460939 -0.8295776 -0.335859 -0.4476994 -0.8275861 -0.3386246 -0.2814393 -0.2373417 0.9297639 -0.283188 -0.2319335 0.9305974 -0.2956023 -0.2250445 0.9284257 0.4026641 0.8615072 0.3093006 0.4078443 0.8548018 0.3209001 0.4122948 0.851816 0.3231446 -0.09205943 0.6055343 -0.7904766 -0.1065334 0.6086499 -0.7862545 -0.1196281 0.6618958 -0.7399886 -0.825573 -0.4977535 -0.26584 -0.8353041 -0.4841948 -0.260428 -0.8364081 -0.4833677 -0.258413 0.1902006 -0.614011 0.7660381 0.1494785 -0.5990841 0.7866094 0.1516758 -0.5890962 0.7937003 0.8452355 0.4502111 0.2879013 0.8454172 0.4499699 0.2877448 0.8478692 0.4465427 0.2858625 -0.7288488 0.6619639 -0.1748808 -0.7287366 0.6623469 -0.1738953 -0.7284505 0.6628221 -0.1732825 -0.3086223 -0.09307259 0.9466202 -0.3087759 -0.09306567 0.9465708 -0.3088869 -0.09311425 0.9465299 0.7756814 -0.6001083 0.1954184 0.7757855 -0.5998887 0.19568 0.7758255 -0.599677 0.1961691 0.3596362 0.1567348 -0.9198348 0.3589574 0.1564621 -0.9201463 0.3578584 0.1565419 -0.9205607 -0.2162092 0.9590341 -0.18305 -0.2070481 0.9614635 -0.1808842 -0.2061838 0.9618334 -0.1799024 -0.5899709 -0.002538979 0.8074206 -0.5901722 -0.002722144 0.8072729 -0.5904698 -0.00357908 0.8070518 0.237048 -0.9564076 0.1705659 0.2407515 -0.9554558 0.1707134 0.2422677 -0.9550098 0.1710636 0.6007882 0.01769793 -0.7992124 0.6015948 0.01771187 -0.7986052 0.605687 0.01542991 -0.7955533 -0.3591686 0.8700991 -0.3375286 -0.3490431 0.8749369 -0.3356401 -0.3475569 0.876136 -0.3340508 -0.6927385 -0.02228355 0.7208446 -0.6888387 -0.02216315 0.7245758 -0.6866089 -0.02172505 0.7267023 0.4074932 -0.8532516 0.3254399 0.4103181 -0.8510873 0.3275508 0.4084949 -0.840916 0.3549539 0.6631653 0.09996455 -0.7417674 0.6679656 0.1029859 -0.7370318 0.6884357 0.09506851 -0.7190397 -0.778405 0.4233436 -0.4635362 -0.7679106 0.4345929 -0.4705767 -0.7355793 0.4561259 -0.5008715 -0.5029402 0.2407373 0.8301185 -0.461245 0.2834823 0.840768 -0.4619675 0.2969541 0.8357059 0.695727 -0.4511646 0.5589405 0.7248042 -0.4374999 0.5322148 0.7305673 -0.428976 0.5312729 0.4416532 -0.3097337 -0.8420258 0.4354701 -0.285371 -0.8537736 0.4385196 -0.2777673 -0.8547198 -0.8641384 0.04899269 -0.5008639 -0.8689395 0.03943055 -0.4933453 -0.893171 0.01357597 -0.4495124 -0.4328001 0.28237 0.8561258 -0.4277805 0.2894974 0.8562682 -0.4262109 0.2919966 0.8562022 0.9027084 -0.0559048 0.4266057 0.9026102 -0.05398213 0.4270606 0.9066825 -0.04065102 0.4198505 0.3973725 -0.3114381 -0.8631927 0.3941095 -0.2903779 -0.8719854 0.397072 -0.2865309 -0.871914 -0.9284433 -0.07024627 -0.364772 -0.9284684 -0.07132887 -0.3644979 -0.9296735 -0.07476842 -0.3607172 -0.422674 0.002812743 0.9062775 -0.4147233 0.01851516 0.9097592 -0.4132979 0.02247589 0.9103185 0.9530475 0.1068555 0.2833417 0.9531866 0.1064825 0.2830139 0.9533814 0.09684574 0.2858057 0.4226278 0.03291767 -0.9057055 0.443107 0.01551622 -0.8963345 0.4441528 0.009059786 -0.8959053 -0.9411826 0.2427276 -0.2350721 -0.9411455 0.244372 -0.2335112 -0.9411396 0.2446056 -0.2332907 -0.3187557 -0.810325 0.4916994 -0.3193077 -0.8178018 0.4787932 -0.3161197 -0.8205083 0.4762714 0.9411822 -0.2268092 0.2504671 0.9413046 -0.2257692 0.2509461 0.9413068 -0.2254402 0.2512334 0.3229779 0.8329845 -0.4492464 0.3230873 0.8331977 -0.4487721 0.3243268 0.8338034 -0.4467484 -0.9196559 0.1935327 -0.341728 -0.9198362 0.1941682 -0.3408812 -0.919871 0.194235 -0.3407493 -0.2584817 -0.9418722 0.2146252 -0.2646366 -0.9427271 0.2030597 -0.2642266 -0.9437493 0.1988012 0.9118611 -0.1726348 0.3724334 0.9111427 -0.1725208 0.3742401 0.9069328 -0.1768699 0.3823478 0.2225508 0.9588366 -0.1763625 0.2224298 0.9591991 -0.1745343 0.2254004 0.9597741 -0.167417 -0.7506503 -0.01014244 -0.660622 -0.7313041 -0.00533235 -0.6820308 -0.7259154 -0.01011526 -0.6877097 -0.4266669 -0.7653866 0.4818078 -0.4261391 -0.7658817 0.481488 -0.4235086 -0.7706928 0.4761022 0.6897089 0.009999513 0.7240177 0.693659 0.008096992 0.7202581 0.7109048 0.01171422 0.7031908 0.3776247 0.8129999 -0.4432054 0.3888887 0.8039571 -0.4499098 0.3887937 0.8015947 -0.4541866 -0.7550826 -8.44501e-4 -0.6556292 -0.7550299 -3.49316e-4 -0.6556904 -0.754018 0.001206338 -0.6568527 -0.6992474 -0.03505516 0.7140197 -0.69646 -0.04825967 0.7159711 -0.696895 -0.04944753 0.7154666 0.740075 0.02445983 0.6720795 0.7382562 0.01933157 0.6742435 0.7379919 0.01776242 0.6745758 0.6844412 0.0309357 -0.7284116 0.6825329 0.03480714 -0.7300257 0.6845437 0.05191677 -0.7271207 -0.7145637 -0.2171717 -0.6650077 -0.7147495 -0.2149348 -0.6655346 -0.724689 -0.1996452 -0.6595209 -0.6281256 -0.361584 0.6889958 -0.6280164 -0.3571584 0.6913996 -0.6282954 -0.3556399 0.6919287 0.6683309 0.2390857 0.7043948 0.6743237 0.2318331 0.7010999 0.7076264 0.2138448 0.6734504 0.6770063 0.3644732 -0.6393917 0.6652993 0.3759767 -0.644995 0.6625622 0.3794902 -0.6457543 0.9846976 0.09274435 0.147544 0.9846705 0.09266829 0.1477723 0.9846488 0.09225654 0.1481737 0.08402574 -0.9946829 0.05954712 0.08429479 -0.9946414 0.05985885 0.08434498 -0.9946246 0.06006675 -0.9704627 -0.09889692 -0.2200491 -0.9704284 -0.09870523 -0.2202863 -0.970405 -0.09865987 -0.2204098 -0.07265716 0.988141 -0.1352717 -0.07253122 0.9882327 -0.1346681 -0.07156604 0.9884601 -0.1335105 0.9679597 0.1035838 0.2287459 0.9681435 0.1038068 0.2278648 0.9681826 0.1038949 0.2276581 0.07894462 -0.9873159 0.1377499 0.07653295 -0.9870703 0.1408371 0.06799185 -0.9870958 0.1449792 -0.9600533 -0.1163961 -0.2544597 -0.9591986 -0.1138551 -0.2587954 -0.9586074 -0.1131382 -0.2612884 -0.04695248 0.9817421 -0.1843314 -0.04707026 0.9815313 -0.1854209 -0.04896736 0.9807785 -0.1888805 0.9914858 -0.06530731 0.1126546 0.9812171 -0.003305971 0.1928789 0.9746464 -0.01827704 0.2230033 -0.05117756 -0.9371899 0.3450449 -0.02780747 -0.9274361 0.3729463 -0.02893781 -0.9215341 0.3872178 -0.9710415 -0.1234689 -0.2045338 -0.9724709 -0.1190272 -0.2003322 -0.9756456 -0.1005302 -0.1949599 0.04338973 0.8932811 -0.4473996 0.04322898 0.8933649 -0.4472478 0.04262202 0.8938119 -0.4464122 0.846282 0.06130272 0.5291965 0.8432473 0.05980587 0.5341884 0.8299047 0.07664668 0.5526151 -0.02604049 -0.9963034 0.08186161 0.002794802 -0.9864625 0.1639629 -0.01175743 -0.9831055 0.1826616 -0.8369323 -0.0896247 -0.5399183 -0.8392633 -0.0874617 -0.5366446 -0.8460884 -0.07090491 -0.5283058 0.007417082 0.9824571 -0.1863415 0.05148494 0.9799874 -0.1922864 0.05913609 0.9775782 -0.2020988 0.5988914 0.1000695 0.7945534 0.617477 0.09304338 0.7810667 0.6262863 0.08741676 0.7746766 0.09202045 -0.9891809 -0.114251 0.0960412 -0.9887974 -0.1142617 0.1061121 -0.98536 -0.1334385 -0.56266 0.114721 -0.8186897 -0.5965591 0.05359113 -0.800778 -0.6104929 0.0518493 -0.7903228 -0.1425732 0.9894601 -0.02533257 -0.1483636 0.9889163 -0.005738854 -0.1567329 0.9838809 0.08609986 0.03183746 -0.1592448 0.9867256 0.08238166 -0.1753942 0.9810455 0.09390372 -0.1802747 0.9791237 0.2292255 -0.9668419 -0.112573 0.2214465 -0.9690166 -0.1094003 0.1700797 -0.9742407 -0.1480816 -0.0426135 0.07710152 -0.9961122 -0.09401988 0.03521394 -0.9949474 -0.1046572 0.03999835 -0.9937038 -0.1823252 0.9600173 0.212425 -0.1844038 0.9594516 0.2131851 -0.1908833 0.9562067 0.2218834 -0.7472782 0.08413749 -0.6591633 -0.7470464 0.0849415 -0.6593229 -0.7450211 0.08801144 -0.6612092 -0.9161531 0.09503453 0.3893997 -0.9155812 0.08958315 0.3920281 -0.9099961 0.07409024 0.4079435 -0.2146232 0.1020137 0.9713548 -0.2134754 0.1034852 0.9714521 -0.2132183 0.1040391 0.9714493 0.8202448 0.06590461 0.5682033 0.8198382 0.06917029 0.5684021 0.8132727 0.08095389 0.576224 0.9171463 0.1397541 -0.3732445 0.9333587 0.1117407 -0.3411095 0.9355735 0.09408259 -0.3403685 0.1369634 0.03829628 -0.9898356 0.127962 0.05206376 -0.9904116 0.1248974 0.05761939 -0.9904952 -0.2062447 0.5916188 -0.7793911 -0.2320114 0.5961208 -0.7686421 -0.2373924 0.6190224 -0.7486361 0.008055984 0.990284 -0.1388263 0.04863321 0.9957126 -0.07868474 0.09954398 0.9916977 -0.08140528 0.4427371 0.6300166 0.6380148 0.4763374 0.5982915 0.6443213 0.5248118 0.6030212 0.6007813 0.866334 -0.1286205 0.4826202 0.8181055 -0.1843515 0.5447182 0.8231937 -0.239909 0.5145832 0.3811205 -0.915663 -0.1277057 0.3839877 -0.9155726 -0.1195007 0.4037032 -0.9085196 -0.1077784 -0.08542382 -0.3851512 -0.9188914 -0.08679479 -0.3970724 -0.9136739 -0.08194416 -0.4021989 -0.9118779 -0.8226188 -0.1192346 -0.5559509 -0.7922171 -0.1766169 -0.5841223 -0.8083043 -0.2202525 -0.5460157 -0.616573 -0.7791533 0.1129509 -0.5628926 -0.8009516 0.2040307 -0.5773046 -0.7813735 0.2370123 0.00199455 -0.2147017 0.9766777 -0.04068005 -0.2048783 0.9779418 -0.08744317 -0.2112416 0.9735147 0.1348158 0.620709 0.7723633 0.1959447 0.6144359 0.7642475 0.2171198 0.6502135 0.7280669 0.1932283 0.9811038 -0.009907364 0.1829153 0.9829685 -0.01774489 0.1669024 0.9856983 -0.02329117 -0.2758149 0.5505648 -0.7879115 -0.2803589 0.5469768 -0.7888062 -0.2865902 0.5477296 -0.7860397 -0.7898384 0.559475 -0.2512827 -0.7929805 0.5574644 -0.2457954 -0.7996035 0.5498521 -0.2414478 -0.1355366 -0.2871059 0.9482616 -0.1515229 -0.2457401 0.9574198 -0.1612057 -0.2068596 0.9649984 0.7277018 -0.6214066 0.2903516 0.7346556 -0.6218025 0.2713723 0.7236543 -0.63901 0.2607504 0.2973527 0.0921666 -0.9503087 0.2965031 0.09554022 -0.950241 0.2957944 0.09748369 -0.9502645 -0.3586766 0.880645 -0.3095408 -0.3316065 0.9097111 -0.2499261 -0.2899649 0.9252615 -0.2445639 -0.1987069 0.1736978 0.9645438 -0.2097538 0.1772566 0.9615526 -0.2166856 0.185709 0.9584151 0.4332588 -0.8686307 0.2403491 0.4336295 -0.8682925 0.2409018 0.4338406 -0.8681037 0.2412018 0.2882293 -0.1044384 -0.9518491 0.2913773 -0.07355469 -0.9537762 0.3553053 -0.05329519 -0.9332298 -0.9660886 0.1476088 -0.2118597 -0.965745 0.1519981 -0.210317 -0.9575832 0.179827 -0.2251596 -0.3502576 -0.01641601 0.9365096 -0.376012 -0.05346167 0.9250712 -0.3730461 -0.06043428 0.9258425 0.924817 -0.1342899 0.355921 0.9254159 -0.1320543 0.3552002 0.9238996 -0.1193036 0.3635604 0.374659 0.1492401 -0.9150727 0.396333 0.09126675 -0.9135593 0.3902841 0.08391445 -0.9168625 -0.9221097 0.1432344 -0.3594409 -0.9218295 0.1421952 -0.3605705 -0.9220033 0.14149 -0.3604034 -0.3831879 -0.6946443 0.6087992 -0.3862854 -0.6984233 0.6024854 -0.3924123 -0.7000493 0.5966101 0.9137292 -0.05941128 0.4019567 0.9095977 -0.06417173 0.4105048 0.9052103 -0.0635482 0.4201858 0.3330734 0.8102995 -0.4821587 0.2897503 0.8228881 -0.488774 0.2698746 0.8709863 -0.4105493 -0.7696037 -0.1992627 -0.6066338 -0.7699325 -0.1987689 -0.6063786 -0.7699292 -0.1951019 -0.6075724 -0.6597945 -0.3656296 0.6564955 -0.6167428 -0.2570715 0.7440044 -0.6300984 -0.2346103 0.7402257 0.7521336 0.2263089 0.618934 0.7521451 0.2261886 0.618964 0.7527029 0.2241081 0.6190429 0.6882759 0.1377101 -0.7122585 0.6253308 0.1829182 -0.7586187 0.6232911 0.1971806 -0.756722 0.2263689 0.6243447 0.7476302 0.3359394 0.7347351 0.5893295 0.01713293 0.8249503 0.5649456 -0.6636077 0.7353464 0.1374436 -0.6636387 0.7357723 0.1349925 -0.6660087 0.734492 0.1302083 -0.328395 -0.0798732 0.9411574 -0.3232096 -0.1161866 0.9391679 -0.3229181 -0.1233409 0.9383555 -0.769676 -0.5791715 -0.2686249 -0.7704584 -0.5781484 -0.2685858 -0.774663 -0.56859 -0.276772 0.7256679 0.5941294 0.3470107 0.7258617 0.5939016 0.3469952 0.7297542 0.5908943 0.3439518 0.3043906 0.1739203 -0.9365352 0.3005015 0.1758137 -0.9374372 0.2929428 0.1955059 -0.9359284 -0.3439292 -0.0342375 0.9383713 -0.3446151 -0.03390616 0.9381315 -0.3446781 -0.03388994 0.938109 -0.53393 -0.8155674 -0.2230892 -0.5374323 -0.8135639 -0.2219918 -0.5492835 -0.8028939 -0.2316232 0.5083631 0.8419848 0.1806344 0.5087915 0.8417778 0.1803925 0.5129581 0.8385351 0.1836657 0.3269808 0.0660535 -0.9427198 0.3224179 0.07202458 -0.9438534 0.3219056 0.07172405 -0.9440512</float_array>
          <technique_common>
            <accessor source="#Tree_lp_11_002-mesh-normals-array" count="1253" stride="3">
              <param name="X" type="float"/>
              <param name="Y" type="float"/>
              <param name="Z" type="float"/>
            </accessor>
          </technique_common>
        </source>
        <source id="Tree_lp_11_002-mesh-map-0">
          <float_array id="Tree_lp_11_002-mesh-map-0-array" count="3000">0.175435 0.1635659 0.202202 0.288261 0.150245 0.289632 0.25416 0.285937 0.227393 0.1635659 0.279351 0.1635659 0.331308 0.1635659 0.25416 0.285937 0.279351 0.1635659 0.383266 0.1635659 0.306118 0.289632 0.331308 0.1635659 0.383266 0.1635659 0.410033 0.285937 0.358075 0.288261 0.487181 0.1635659 0.410033 0.285937 0.435223 0.1635659 0.202202 0.288261 0.1208299 0.437733 0.150245 0.289632 0.224745 0.434466 0.202202 0.288261 0.25416 0.285937 0.276703 0.437733 0.25416 0.285937 0.306118 0.289632 0.306118 0.289632 0.32866 0.435765 0.276703 0.437733 0.358075 0.288261 0.380618 0.434466 0.32866 0.435765 0.46199 0.289632 0.380618 0.434466 0.410033 0.285937 0.144204 0.574706 0.1208299 0.437733 0.172788 0.435765 0.224745 0.434466 0.144204 0.574706 0.172788 0.435765 0.276703 0.437733 0.196162 0.579905 0.224745 0.434466 0.32866 0.435765 0.24812 0.576682 0.276703 0.437733 0.380618 0.434466 0.300077 0.574706 0.32866 0.435765 0.380618 0.434466 0.403993 0.576682 0.352035 0.579905 0.11652 0.717314 0.09224677 0.576682 0.144204 0.574706 0.196162 0.579905 0.11652 0.717314 0.144204 0.574706 0.220436 0.714772 0.196162 0.579905 0.24812 0.576682 0.272393 0.717314 0.24812 0.576682 0.300077 0.574706 0.300077 0.574706 0.324351 0.716962 0.272393 0.717314 0.352035 0.579905 0.376309 0.714772 0.324351 0.716962 0.06456285 0.714772 0.08749216 0.86143 0.03553456 0.86116 0.13945 0.865035 0.11652 0.717314 0.168478 0.716962 0.191408 0.86116 0.168478 0.716962 0.220436 0.714772 0.272393 0.717314 0.191408 0.86116 0.220436 0.714772 0.324351 0.716962 0.243365 0.86143 0.272393 0.717314 0.376309 0.714772 0.295323 0.865035 0.324351 0.716962 0.08749216 0.86143 0.00999999 0.99 0.03553456 0.86116 0.13945 0.865035 0.06195759 0.988661 0.08749216 0.86143 0.13945 0.865035 0.165873 0.99 0.113915 0.98979 0.191408 0.86116 0.217831 0.988661 0.165873 0.99 0.269788 0.98979 0.243365 0.86143 0.295323 0.865035 0.321746 0.99 0.295323 0.865035 0.34728 0.86116 0.227375 0.163655 0.149675 0.290455 0.175418 0.163655 0.227375 0.163655 0.25359 0.288954 0.201632 0.292434 0.279333 0.163655 0.305548 0.290455 0.25359 0.288954 0.33129 0.163655 0.357505 0.292434 0.305548 0.290455 0.409463 0.288954 0.383248 0.163655 0.435206 0.163655 0.487163 0.163655 0.409463 0.288954 0.435206 0.163655 0.173259 0.433 0.149675 0.290455 0.201632 0.292434 0.225217 0.432648 0.201632 0.292434 0.25359 0.288954 0.225217 0.432648 0.305548 0.290455 0.277175 0.437702 0.277175 0.437702 0.357505 0.292434 0.329132 0.433 0.38109 0.432648 0.357505 0.292434 0.409463 0.288954 0.461421 0.290455 0.38109 0.432648 0.409463 0.288954 0.1443679 0.572834 0.121302 0.437702 0.173259 0.433 0.225217 0.432648 0.1443679 0.572834 0.173259 0.433 0.277175 0.437702 0.196326 0.579962 0.225217 0.432648 0.277175 0.437702 0.300241 0.572834 0.248283 0.57602 0.38109 0.432648 0.300241 0.572834 0.329132 0.433 0.38109 0.432648 0.404156 0.57602 0.352199 0.579962 0.0924105 0.57602 0.117582 0.713252 0.06562465 0.709654 0.196326 0.579962 0.117582 0.713252 0.1443679 0.572834 0.221498 0.709654 0.196326 0.579962 0.248283 0.57602 0.221498 0.709654 0.300241 0.572834 0.273455 0.713252 0.352199 0.579962 0.273455 0.713252 0.300241 0.572834 0.352199 0.579962 0.37737 0.709654 0.325413 0.711774 0.52166 0.295987 0.472124 0.333762 0.464568 0.295987 0.52166 0.295987 0.586307 0.333762 0.529215 0.333762 0.578752 0.295987 0.643398 0.333762 0.586307 0.333762 0.692935 0.295987 0.643398 0.333762 0.635843 0.295987 0.560793 0.489959 0.512411 0.531188 0.503702 0.48994 0.560793 0.489959 0.626594 0.531188 0.569502 0.534311 0.683685 0.534311 0.617885 0.48994 0.674977 0.489959 0.732068 0.48994 0.683685 0.534311 0.674977 0.489959 0.578416 0.577857 0.512411 0.531188 0.569502 0.534311 0.626594 0.531188 0.578416 0.577857 0.569502 0.534311 0.683685 0.534311 0.635508 0.576322 0.626594 0.531188 0.749691 0.576322 0.683685 0.534311 0.740777 0.531188 0.452228 0.586489 0.412457 0.619443 0.405866 0.586489 0.498591 0.586489 0.458819 0.619443 0.452228 0.586489 0.498591 0.586489 0.551544 0.619443 0.505182 0.619443 0.544953 0.586489 0.597907 0.619443 0.551544 0.619443 0.472169 0.68619 0.435897 0.733184 0.425806 0.68619 0.472169 0.68619 0.528622 0.733184 0.48226 0.736613 0.564894 0.68619 0.528622 0.733184 0.518531 0.68619 0.564894 0.68619 0.621347 0.733184 0.574985 0.736613 0.48226 0.736613 0.444596 0.779163 0.435897 0.733184 0.528622 0.733184 0.490959 0.777583 0.48226 0.736613 0.528622 0.733184 0.583684 0.777583 0.537321 0.779163 0.574985 0.736613 0.630046 0.779163 0.583684 0.777583 0.500113 0.824583 0.444596 0.779163 0.490959 0.777583 0.500113 0.824583 0.537321 0.779163 0.546476 0.823776 0.546476 0.823776 0.583684 0.777583 0.592838 0.824583 0.592838 0.824583 0.630046 0.779163 0.639201 0.823776 0.453751 0.823776 0.510271 0.875009 0.463908 0.879329 0.546476 0.823776 0.510271 0.875009 0.500113 0.824583 0.546476 0.823776 0.602996 0.875009 0.556633 0.879329 0.602996 0.875009 0.639201 0.823776 0.649358 0.879329 0.463908 0.879329 0.520698 0.924894 0.474336 0.930396 0.556633 0.879329 0.520698 0.924894 0.510271 0.875009 0.613423 0.924894 0.556633 0.879329 0.602996 0.875009 0.649358 0.879329 0.613423 0.924894 0.602996 0.875009 0.471845 0.684572 0.435777 0.733512 0.425483 0.684572 0.518207 0.684572 0.482139 0.735481 0.471845 0.684572 0.56457 0.684572 0.528502 0.733512 0.518207 0.684572 0.56457 0.684572 0.621227 0.733512 0.574864 0.735481 0.482139 0.735481 0.444741 0.779574 0.435777 0.733512 0.528502 0.733512 0.491103 0.778269 0.482139 0.735481 0.528502 0.733512 0.583828 0.778269 0.537466 0.779574 0.574864 0.735481 0.630191 0.779574 0.583828 0.778269 0.491103 0.778269 0.453852 0.824765 0.444741 0.779574 0.546577 0.824765 0.491103 0.778269 0.537466 0.779574 0.537466 0.779574 0.59294 0.824696 0.546577 0.824765 0.630191 0.779574 0.59294 0.824696 0.583828 0.778269 0.510036 0.874687 0.453852 0.824765 0.500215 0.824696 0.510036 0.874687 0.546577 0.824765 0.556398 0.876745 0.556398 0.876745 0.59294 0.824696 0.602761 0.874687 0.649123 0.876745 0.59294 0.824696 0.639302 0.824765 0.463673 0.876745 0.520388 0.922535 0.474026 0.929901 0.556398 0.876745 0.520388 0.922535 0.510036 0.874687 0.556398 0.876745 0.613113 0.922535 0.566751 0.929901 0.649123 0.876745 0.613113 0.922535 0.602761 0.874687 0.521713 0.02354669 0.565551 0.06359946 0.513703 0.06359946 0.62541 0.02354669 0.565551 0.06359946 0.573561 0.02354669 0.677258 0.02354669 0.617399 0.06359946 0.62541 0.02354669 0.677258 0.02354669 0.721096 0.06359946 0.669248 0.06359946 0.565551 0.06359946 0.505604 0.101224 0.513703 0.06359946 0.565551 0.06359946 0.609301 0.101224 0.557452 0.103931 0.669248 0.06359946 0.609301 0.101224 0.617399 0.06359946 0.669248 0.06359946 0.712997 0.101224 0.661149 0.103931 0.557452 0.103931 0.497455 0.144623 0.505604 0.101224 0.609301 0.101224 0.549303 0.138767 0.557452 0.103931 0.609301 0.101224 0.6530001 0.138767 0.601152 0.144623 0.704849 0.144623 0.661149 0.103931 0.712997 0.101224 0.540382 0.187948 0.497455 0.144623 0.549303 0.138767 0.601152 0.144623 0.540382 0.187948 0.549303 0.138767 0.601152 0.144623 0.644079 0.187948 0.59223 0.189567 0.644079 0.187948 0.704849 0.144623 0.695927 0.189567 0.540382 0.187948 0.479241 0.2308959 0.488534 0.189567 0.540382 0.187948 0.582938 0.2308959 0.53109 0.23891 0.644079 0.187948 0.582938 0.2308959 0.59223 0.189567 0.644079 0.187948 0.686635 0.2308959 0.634786 0.23891 0.53109 0.23891 0.469084 0.283809 0.479241 0.2308959 0.572781 0.283809 0.53109 0.23891 0.582938 0.2308959 0.634786 0.23891 0.572781 0.283809 0.582938 0.2308959 0.634786 0.23891 0.676477 0.283809 0.624629 0.28951 0.206149 0.00999999 0.241328 0.102556 0.187637 0.102556 0.258644 0.00999999 0.289964 0.102556 0.241328 0.102556 0.361159 0.00999999 0.289964 0.102556 0.310384 0.00999999 0.361159 0.00999999 0.396386 0.102556 0.342201 0.102556 0.465546 0.00999999 0.396386 0.102556 0.41297 0.00999999 0.517894 0.00999999 0.445489 0.102556 0.465546 0.00999999 0.234079 0.1301349 0.175435 0.1635659 0.187637 0.102556 0.279351 0.1635659 0.234079 0.1301349 0.287171 0.124463 0.331308 0.1635659 0.287171 0.124463 0.342201 0.102556 0.396386 0.102556 0.331308 0.1635659 0.342201 0.102556 0.445489 0.102556 0.383266 0.1635659 0.396386 0.102556 0.487181 0.1635659 0.445489 0.102556 0.499383 0.102556 0.241328 0.102556 0.175418 0.163655 0.187637 0.102556 0.279333 0.163655 0.241328 0.102556 0.289964 0.102556 0.33129 0.163655 0.289964 0.102556 0.342201 0.102556 0.3907 0.126395 0.33129 0.163655 0.342201 0.102556 0.442621 0.126578 0.383248 0.163655 0.3907 0.126395 0.487163 0.163655 0.442621 0.126578 0.499383 0.102556 0.417192 0.642528 0.458819 0.619443 0.465536 0.643919 0.511448 0.642381 0.458819 0.619443 0.505182 0.619443 0.511448 0.642381 0.551544 0.619443 0.554412 0.643808 0.551544 0.619443 0.602642 0.642528 0.554412 0.643808 0.425806 0.68619 0.467727 0.663983 0.472169 0.68619 0.518531 0.68619 0.467727 0.663983 0.511448 0.642381 0.554412 0.643808 0.518531 0.68619 0.511448 0.642381 0.611256 0.68619 0.554412 0.643808 0.602642 0.642528 0.474336 0.930396 0.531276 0.982187 0.484913 0.986216 0.567061 0.930396 0.531276 0.982187 0.520698 0.924894 0.624001 0.985614 0.567061 0.930396 0.613423 0.924894 0.659786 0.930396 0.624001 0.985614 0.613423 0.924894 0.465536 0.643919 0.425483 0.684572 0.417192 0.642528 0.518207 0.684572 0.465536 0.643919 0.511448 0.642381 0.560168 0.662561 0.518207 0.684572 0.511448 0.642381 0.610932 0.684572 0.560168 0.662561 0.602642 0.642528 0.530881 0.979097 0.474026 0.929901 0.520388 0.922535 0.530881 0.979097 0.566751 0.929901 0.577243 0.982917 0.623606 0.984496 0.566751 0.929901 0.613113 0.922535 0.623606 0.984496 0.659476 0.929901 0.669968 0.983842 0.170651 0.08143889 0.170651 0.0622766 0.189813 0.0622766 0.151488 0.0622766 0.170651 0.0431143 0.189813 0.0622766 0.151488 0.0622766 0.189813 0.0622766 0.170651 0.0622766 0.16654 0.01740676 0.181276 0.02473568 0.173947 0.03947144 0.188605 0.00999999 0.196012 0.03206467 0.173947 0.03947144 0.188605 0.00999999 0.173947 0.03947144 0.181276 0.02473568 0.617885 0.48994 0.65883 0.412179 0.674977 0.489959 0.544646 0.412179 0.617885 0.48994 0.560793 0.489959 0.732068 0.48994 0.65883 0.412179 0.715921 0.408093 0.560793 0.489959 0.487555 0.408093 0.544646 0.412179 0.643398 0.333762 0.601738 0.408093 0.586307 0.333762 0.601738 0.408093 0.529215 0.333762 0.586307 0.333762 0.715921 0.408093 0.643398 0.333762 0.70049 0.333762 0.529215 0.333762 0.487555 0.408093 0.472124 0.333762 0.08842259 0.846225 0.00999999 0.846225 0.04921138 0.99 0.166845 0.846225 0.08842259 0.846225 0.127634 0.99 0.245268 0.846225 0.166845 0.846225 0.206057 0.99 0.323691 0.846225 0.245268 0.846225 0.28448 0.99 0.402114 0.846225 0.323691 0.846225 0.362902 0.99 0.04921138 0.70245 0.127634 0.70245 0.08842259 0.558675 0.127634 0.70245 0.206057 0.70245 0.166845 0.558675 0.206057 0.70245 0.28448 0.70245 0.245268 0.558675 0.28448 0.70245 0.362902 0.70245 0.323691 0.558675 0.362902 0.70245 0.441325 0.70245 0.402114 0.558675 0.08842259 0.846225 0.04921138 0.70245 0.00999999 0.846225 0.166845 0.846225 0.127634 0.70245 0.08842259 0.846225 0.245268 0.846225 0.206057 0.70245 0.166845 0.846225 0.323691 0.846225 0.28448 0.70245 0.245268 0.846225 0.402114 0.846225 0.362902 0.70245 0.323691 0.846225 0.04921138 0.70245 0.08842259 0.846225 0.127634 0.70245 0.127634 0.70245 0.166845 0.846225 0.206057 0.70245 0.206057 0.70245 0.245268 0.846225 0.28448 0.70245 0.28448 0.70245 0.323691 0.846225 0.362902 0.70245 0.362902 0.70245 0.402114 0.846225 0.441325 0.70245 0.109188 0.373689 0.05959385 0.555533 0.00999999 0.373689 0.208375 0.373689 0.158782 0.555533 0.109188 0.373689 0.307564 0.373689 0.257969 0.555533 0.208375 0.373689 0.406751 0.373689 0.357157 0.555533 0.307564 0.373689 0.505939 0.373689 0.456345 0.555533 0.406751 0.373689 0.05959385 0.191844 0.109188 0.00999999 0.158782 0.191844 0.158782 0.191844 0.208375 0.00999999 0.257969 0.191844 0.257969 0.191844 0.307564 0.00999999 0.357157 0.191844 0.357157 0.191844 0.406751 0.00999999 0.456345 0.191844 0.456345 0.191844 0.505939 0.00999999 0.555533 0.191844 0.109188 0.373689 0.00999999 0.373689 0.05959385 0.191844 0.208375 0.373689 0.109188 0.373689 0.158782 0.191844 0.307564 0.373689 0.208375 0.373689 0.257969 0.191844 0.406751 0.373689 0.307564 0.373689 0.357157 0.191844 0.505939 0.373689 0.406751 0.373689 0.456345 0.191844 0.05959385 0.191844 0.158782 0.191844 0.109188 0.373689 0.158782 0.191844 0.257969 0.191844 0.208375 0.373689 0.257969 0.191844 0.357157 0.191844 0.307564 0.373689 0.357157 0.191844 0.456345 0.191844 0.406751 0.373689 0.456345 0.191844 0.555533 0.191844 0.505939 0.373689 0.464198 0.872173 0.400837 0.872173 0.432518 0.988334 0.527559 0.872173 0.464198 0.872173 0.495878 0.988334 0.59092 0.872173 0.527559 0.872173 0.559239 0.988334 0.654281 0.872173 0.59092 0.872173 0.622601 0.988334 0.717642 0.872173 0.654281 0.872173 0.685962 0.988334 0.432518 0.756011 0.495878 0.756011 0.464198 0.639849 0.495878 0.756011 0.559239 0.756011 0.527559 0.639849 0.559239 0.756011 0.622601 0.756011 0.59092 0.639849 0.622601 0.756011 0.685962 0.756011 0.654281 0.639849 0.685962 0.756011 0.749323 0.756011 0.717642 0.639849 0.464198 0.872173 0.432518 0.756011 0.400837 0.872173 0.527559 0.872173 0.495878 0.756011 0.464198 0.872173 0.59092 0.872173 0.559239 0.756011 0.527559 0.872173 0.654281 0.872173 0.622601 0.756011 0.59092 0.872173 0.717642 0.872173 0.685962 0.756011 0.654281 0.872173 0.432518 0.756011 0.464198 0.872173 0.495878 0.756011 0.495878 0.756011 0.527559 0.872173 0.559239 0.756011 0.559239 0.756011 0.59092 0.872173 0.622601 0.756011 0.622601 0.756011 0.654281 0.872173 0.685962 0.756011 0.685962 0.756011 0.717642 0.872173 0.749323 0.756011 0.74809 0.583761 0.7105 0.583761 0.729295 0.652675 0.785679 0.583761 0.74809 0.583761 0.766884 0.652675 0.823268 0.583761 0.785679 0.583761 0.804473 0.652675 0.860858 0.583761 0.823268 0.583761 0.842063 0.652675 0.898447 0.583761 0.860858 0.583761 0.879652 0.652675 0.729295 0.514847 0.766884 0.514847 0.74809 0.445934 0.766884 0.514847 0.804473 0.514847 0.785679 0.445934 0.804473 0.514847 0.842063 0.514847 0.823268 0.445934 0.842063 0.514847 0.879652 0.514847 0.860858 0.445934 0.879652 0.514847 0.917241 0.514847 0.898447 0.445934 0.74809 0.583761 0.729295 0.514847 0.7105 0.583761 0.785679 0.583761 0.766884 0.514847 0.74809 0.583761 0.823268 0.583761 0.804473 0.514847 0.785679 0.583761 0.860858 0.583761 0.842063 0.514847 0.823268 0.583761 0.898447 0.583761 0.879652 0.514847 0.860858 0.583761 0.729295 0.514847 0.74809 0.583761 0.766884 0.514847 0.766884 0.514847 0.785679 0.583761 0.804473 0.514847 0.804473 0.514847 0.823268 0.583761 0.842063 0.514847 0.842063 0.514847 0.860858 0.583761 0.879652 0.514847 0.879652 0.514847 0.898447 0.583761 0.917241 0.514847 0.588077 0.268129 0.564357 0.355103 0.540636 0.268129 0.635517 0.268129 0.611797 0.355103 0.588077 0.268129 0.682958 0.268129 0.659238 0.355103 0.635517 0.268129 0.730399 0.268129 0.706678 0.355103 0.682958 0.268129 0.777839 0.268129 0.754119 0.355103 0.730399 0.268129 0.564357 0.181155 0.588077 0.09418028 0.611797 0.181155 0.611797 0.181155 0.635517 0.09418028 0.659238 0.181155 0.659238 0.181155 0.682958 0.09418028 0.706678 0.181155 0.706678 0.181155 0.730399 0.09418028 0.754119 0.181155 0.754119 0.181155 0.777839 0.09418028 0.801559 0.181155 0.588077 0.268129 0.540636 0.268129 0.564357 0.181155 0.635517 0.268129 0.588077 0.268129 0.611797 0.181155 0.682958 0.268129 0.635517 0.268129 0.659238 0.181155 0.730399 0.268129 0.682958 0.268129 0.706678 0.181155 0.777839 0.268129 0.730399 0.268129 0.754119 0.181155 0.564357 0.181155 0.611797 0.181155 0.588077 0.268129 0.611797 0.181155 0.659238 0.181155 0.635517 0.268129 0.659238 0.181155 0.706678 0.181155 0.682958 0.268129 0.706678 0.181155 0.754119 0.181155 0.730399 0.268129 0.754119 0.181155 0.801559 0.181155 0.777839 0.268129 0.515525 0.543765 0.465475 0.543765 0.4905 0.635522 0.565574 0.543765 0.515525 0.543765 0.54055 0.635522 0.615624 0.543765 0.565574 0.543765 0.590599 0.635522 0.665673 0.543765 0.615624 0.543765 0.640649 0.635522 0.715723 0.543765 0.665673 0.543765 0.690698 0.635522 0.4905 0.452007 0.54055 0.452007 0.515525 0.36025 0.54055 0.452007 0.590599 0.452007 0.565574 0.36025 0.590599 0.452007 0.640649 0.452007 0.615624 0.36025 0.640649 0.452007 0.690698 0.452007 0.665673 0.36025 0.690698 0.452007 0.740748 0.452007 0.715723 0.36025 0.515525 0.543765 0.4905 0.452007 0.465475 0.543765 0.565574 0.543765 0.54055 0.452007 0.515525 0.543765 0.615624 0.543765 0.590599 0.452007 0.565574 0.543765 0.665673 0.543765 0.640649 0.452007 0.615624 0.543765 0.715723 0.543765 0.690698 0.452007 0.665673 0.543765 0.4905 0.452007 0.515525 0.543765 0.54055 0.452007 0.54055 0.452007 0.565574 0.543765 0.590599 0.452007 0.590599 0.452007 0.615624 0.543765 0.640649 0.452007 0.640649 0.452007 0.665673 0.543765 0.690698 0.452007 0.690698 0.452007 0.715723 0.543765 0.740748 0.452007 0.175435 0.1635659 0.227393 0.1635659 0.202202 0.288261 0.25416 0.285937 0.202202 0.288261 0.227393 0.1635659 0.331308 0.1635659 0.306118 0.289632 0.25416 0.285937 0.383266 0.1635659 0.358075 0.288261 0.306118 0.289632 0.383266 0.1635659 0.435223 0.1635659 0.410033 0.285937 0.487181 0.1635659 0.46199 0.289632 0.410033 0.285937 0.202202 0.288261 0.172788 0.435765 0.1208299 0.437733 0.224745 0.434466 0.172788 0.435765 0.202202 0.288261 0.276703 0.437733 0.224745 0.434466 0.25416 0.285937 0.306118 0.289632 0.358075 0.288261 0.32866 0.435765 0.358075 0.288261 0.410033 0.285937 0.380618 0.434466 0.46199 0.289632 0.432576 0.437733 0.380618 0.434466 0.144204 0.574706 0.09224677 0.576682 0.1208299 0.437733 0.224745 0.434466 0.196162 0.579905 0.144204 0.574706 0.276703 0.437733 0.24812 0.576682 0.196162 0.579905 0.32866 0.435765 0.300077 0.574706 0.24812 0.576682 0.380618 0.434466 0.352035 0.579905 0.300077 0.574706 0.380618 0.434466 0.432576 0.437733 0.403993 0.576682 0.11652 0.717314 0.06456285 0.714772 0.09224677 0.576682 0.196162 0.579905 0.168478 0.716962 0.11652 0.717314 0.220436 0.714772 0.168478 0.716962 0.196162 0.579905 0.272393 0.717314 0.220436 0.714772 0.24812 0.576682 0.300077 0.574706 0.352035 0.579905 0.324351 0.716962 0.352035 0.579905 0.403993 0.576682 0.376309 0.714772 0.06456285 0.714772 0.11652 0.717314 0.08749216 0.86143 0.13945 0.865035 0.08749216 0.86143 0.11652 0.717314 0.191408 0.86116 0.13945 0.865035 0.168478 0.716962 0.272393 0.717314 0.243365 0.86143 0.191408 0.86116 0.324351 0.716962 0.295323 0.865035 0.243365 0.86143 0.376309 0.714772 0.34728 0.86116 0.295323 0.865035 0.08749216 0.86143 0.06195759 0.988661 0.00999999 0.99 0.13945 0.865035 0.113915 0.98979 0.06195759 0.988661 0.13945 0.865035 0.191408 0.86116 0.165873 0.99 0.191408 0.86116 0.243365 0.86143 0.217831 0.988661 0.269788 0.98979 0.217831 0.988661 0.243365 0.86143 0.321746 0.99 0.269788 0.98979 0.295323 0.865035 0.227375 0.163655 0.201632 0.292434 0.149675 0.290455 0.227375 0.163655 0.279333 0.163655 0.25359 0.288954 0.279333 0.163655 0.33129 0.163655 0.305548 0.290455 0.33129 0.163655 0.383248 0.163655 0.357505 0.292434 0.409463 0.288954 0.357505 0.292434 0.383248 0.163655 0.487163 0.163655 0.461421 0.290455 0.409463 0.288954 0.173259 0.433 0.121302 0.437702 0.149675 0.290455 0.225217 0.432648 0.173259 0.433 0.201632 0.292434 0.225217 0.432648 0.25359 0.288954 0.305548 0.290455 0.277175 0.437702 0.305548 0.290455 0.357505 0.292434 0.38109 0.432648 0.329132 0.433 0.357505 0.292434 0.461421 0.290455 0.433048 0.437702 0.38109 0.432648 0.1443679 0.572834 0.0924105 0.57602 0.121302 0.437702 0.225217 0.432648 0.196326 0.579962 0.1443679 0.572834 0.277175 0.437702 0.248283 0.57602 0.196326 0.579962 0.277175 0.437702 0.329132 0.433 0.300241 0.572834 0.38109 0.432648 0.352199 0.579962 0.300241 0.572834 0.38109 0.432648 0.433048 0.437702 0.404156 0.57602 0.0924105 0.57602 0.1443679 0.572834 0.117582 0.713252 0.196326 0.579962 0.16954 0.711774 0.117582 0.713252 0.221498 0.709654 0.16954 0.711774 0.196326 0.579962 0.221498 0.709654 0.248283 0.57602 0.300241 0.572834 0.352199 0.579962 0.325413 0.711774 0.273455 0.713252 0.352199 0.579962 0.404156 0.57602 0.37737 0.709654 0.52166 0.295987 0.529215 0.333762 0.472124 0.333762 0.52166 0.295987 0.578752 0.295987 0.586307 0.333762 0.578752 0.295987 0.635843 0.295987 0.643398 0.333762 0.692935 0.295987 0.70049 0.333762 0.643398 0.333762 0.560793 0.489959 0.569502 0.534311 0.512411 0.531188 0.560793 0.489959 0.617885 0.48994 0.626594 0.531188 0.683685 0.534311 0.626594 0.531188 0.617885 0.48994 0.732068 0.48994 0.740777 0.531188 0.683685 0.534311 0.578416 0.577857 0.521325 0.576322 0.512411 0.531188 0.626594 0.531188 0.635508 0.576322 0.578416 0.577857 0.683685 0.534311 0.692599 0.577857 0.635508 0.576322 0.749691 0.576322 0.692599 0.577857 0.683685 0.534311 0.452228 0.586489 0.458819 0.619443 0.412457 0.619443 0.498591 0.586489 0.505182 0.619443 0.458819 0.619443 0.498591 0.586489 0.544953 0.586489 0.551544 0.619443 0.544953 0.586489 0.591316 0.586489 0.597907 0.619443 0.472169 0.68619 0.48226 0.736613 0.435897 0.733184 0.472169 0.68619 0.518531 0.68619 0.528622 0.733184 0.564894 0.68619 0.574985 0.736613 0.528622 0.733184 0.564894 0.68619 0.611256 0.68619 0.621347 0.733184 0.48226 0.736613 0.490959 0.777583 0.444596 0.779163 0.528622 0.733184 0.537321 0.779163 0.490959 0.777583 0.528622 0.733184 0.574985 0.736613 0.583684 0.777583 0.574985 0.736613 0.621347 0.733184 0.630046 0.779163 0.500113 0.824583 0.453751 0.823776 0.444596 0.779163 0.500113 0.824583 0.490959 0.777583 0.537321 0.779163 0.546476 0.823776 0.537321 0.779163 0.583684 0.777583 0.592838 0.824583 0.583684 0.777583 0.630046 0.779163 0.453751 0.823776 0.500113 0.824583 0.510271 0.875009 0.546476 0.823776 0.556633 0.879329 0.510271 0.875009 0.546476 0.823776 0.592838 0.824583 0.602996 0.875009 0.602996 0.875009 0.592838 0.824583 0.639201 0.823776 0.463908 0.879329 0.510271 0.875009 0.520698 0.924894 0.556633 0.879329 0.567061 0.930396 0.520698 0.924894 0.613423 0.924894 0.567061 0.930396 0.556633 0.879329 0.649358 0.879329 0.659786 0.930396 0.613423 0.924894 0.471845 0.684572 0.482139 0.735481 0.435777 0.733512 0.518207 0.684572 0.528502 0.733512 0.482139 0.735481 0.56457 0.684572 0.574864 0.735481 0.528502 0.733512 0.56457 0.684572 0.610932 0.684572 0.621227 0.733512 0.482139 0.735481 0.491103 0.778269 0.444741 0.779574 0.528502 0.733512 0.537466 0.779574 0.491103 0.778269 0.528502 0.733512 0.574864 0.735481 0.583828 0.778269 0.574864 0.735481 0.621227 0.733512 0.630191 0.779574 0.491103 0.778269 0.500215 0.824696 0.453852 0.824765 0.546577 0.824765 0.500215 0.824696 0.491103 0.778269 0.537466 0.779574 0.583828 0.778269 0.59294 0.824696 0.630191 0.779574 0.639302 0.824765 0.59294 0.824696 0.510036 0.874687 0.463673 0.876745 0.453852 0.824765 0.510036 0.874687 0.500215 0.824696 0.546577 0.824765 0.556398 0.876745 0.546577 0.824765 0.59294 0.824696 0.649123 0.876745 0.602761 0.874687 0.59294 0.824696 0.463673 0.876745 0.510036 0.874687 0.520388 0.922535 0.556398 0.876745 0.566751 0.929901 0.520388 0.922535 0.556398 0.876745 0.602761 0.874687 0.613113 0.922535 0.649123 0.876745 0.659476 0.929901 0.613113 0.922535 0.521713 0.02354669 0.573561 0.02354669 0.565551 0.06359946 0.62541 0.02354669 0.617399 0.06359946 0.565551 0.06359946 0.677258 0.02354669 0.669248 0.06359946 0.617399 0.06359946 0.677258 0.02354669 0.729106 0.02354669 0.721096 0.06359946 0.565551 0.06359946 0.557452 0.103931 0.505604 0.101224 0.565551 0.06359946 0.617399 0.06359946 0.609301 0.101224 0.669248 0.06359946 0.661149 0.103931 0.609301 0.101224 0.669248 0.06359946 0.721096 0.06359946 0.712997 0.101224 0.557452 0.103931 0.549303 0.138767 0.497455 0.144623 0.609301 0.101224 0.601152 0.144623 0.549303 0.138767 0.609301 0.101224 0.661149 0.103931 0.6530001 0.138767 0.704849 0.144623 0.6530001 0.138767 0.661149 0.103931 0.540382 0.187948 0.488534 0.189567 0.497455 0.144623 0.601152 0.144623 0.59223 0.189567 0.540382 0.187948 0.601152 0.144623 0.6530001 0.138767 0.644079 0.187948 0.644079 0.187948 0.6530001 0.138767 0.704849 0.144623 0.540382 0.187948 0.53109 0.23891 0.479241 0.2308959 0.540382 0.187948 0.59223 0.189567 0.582938 0.2308959 0.644079 0.187948 0.634786 0.23891 0.582938 0.2308959 0.644079 0.187948 0.695927 0.189567 0.686635 0.2308959 0.53109 0.23891 0.520932 0.28951 0.469084 0.283809 0.572781 0.283809 0.520932 0.28951 0.53109 0.23891 0.634786 0.23891 0.624629 0.28951 0.572781 0.283809 0.634786 0.23891 0.686635 0.2308959 0.676477 0.283809 0.206149 0.00999999 0.258644 0.00999999 0.241328 0.102556 0.258644 0.00999999 0.310384 0.00999999 0.289964 0.102556 0.361159 0.00999999 0.342201 0.102556 0.289964 0.102556 0.361159 0.00999999 0.41297 0.00999999 0.396386 0.102556 0.465546 0.00999999 0.445489 0.102556 0.396386 0.102556 0.517894 0.00999999 0.499383 0.102556 0.445489 0.102556 0.234079 0.1301349 0.227393 0.1635659 0.175435 0.1635659 0.279351 0.1635659 0.227393 0.1635659 0.234079 0.1301349 0.331308 0.1635659 0.279351 0.1635659 0.287171 0.124463 0.396386 0.102556 0.383266 0.1635659 0.331308 0.1635659 0.445489 0.102556 0.435223 0.1635659 0.383266 0.1635659 0.487181 0.1635659 0.435223 0.1635659 0.445489 0.102556 0.241328 0.102556 0.227375 0.163655 0.175418 0.163655 0.279333 0.163655 0.227375 0.163655 0.241328 0.102556 0.33129 0.163655 0.279333 0.163655 0.289964 0.102556 0.3907 0.126395 0.383248 0.163655 0.33129 0.163655 0.442621 0.126578 0.435206 0.163655 0.383248 0.163655 0.487163 0.163655 0.435206 0.163655 0.442621 0.126578 0.417192 0.642528 0.412457 0.619443 0.458819 0.619443 0.511448 0.642381 0.465536 0.643919 0.458819 0.619443 0.511448 0.642381 0.505182 0.619443 0.551544 0.619443 0.551544 0.619443 0.597907 0.619443 0.602642 0.642528 0.425806 0.68619 0.417192 0.642528 0.467727 0.663983 0.518531 0.68619 0.472169 0.68619 0.467727 0.663983 0.554412 0.643808 0.564894 0.68619 0.518531 0.68619 0.611256 0.68619 0.564894 0.68619 0.554412 0.643808 0.474336 0.930396 0.520698 0.924894 0.531276 0.982187 0.567061 0.930396 0.577638 0.98111 0.531276 0.982187 0.624001 0.985614 0.577638 0.98111 0.567061 0.930396 0.659786 0.930396 0.670363 0.986216 0.624001 0.985614 0.465536 0.643919 0.471845 0.684572 0.425483 0.684572 0.518207 0.684572 0.471845 0.684572 0.465536 0.643919 0.560168 0.662561 0.56457 0.684572 0.518207 0.684572 0.610932 0.684572 0.56457 0.684572 0.560168 0.662561 0.530881 0.979097 0.484518 0.983842 0.474026 0.929901 0.530881 0.979097 0.520388 0.922535 0.566751 0.929901 0.623606 0.984496 0.577243 0.982917 0.566751 0.929901 0.623606 0.984496 0.613113 0.922535 0.659476 0.929901 0.170651 0.08143889 0.151488 0.0622766 0.170651 0.0622766 0.16654 0.01740676 0.188605 0.00999999 0.181276 0.02473568 0.617885 0.48994 0.601738 0.408093 0.65883 0.412179 0.544646 0.412179 0.601738 0.408093 0.617885 0.48994 0.732068 0.48994 0.674977 0.489959 0.65883 0.412179 0.560793 0.489959 0.503702 0.48994 0.487555 0.408093 0.643398 0.333762 0.65883 0.412179 0.601738 0.408093 0.601738 0.408093 0.544646 0.412179 0.529215 0.333762 0.715921 0.408093 0.65883 0.412179 0.643398 0.333762 0.529215 0.333762 0.544646 0.412179 0.487555 0.408093</float_array>
          <technique_common>
            <accessor source="#Tree_lp_11_002-mesh-map-0-array" count="1500" stride="2">
              <param name="S" type="float"/>
              <param name="T" type="float"/>
            </accessor>
          </technique_common>
        </source>
        <vertices id="Tree_lp_11_002-mesh-vertices">
          <input semantic="POSITION" source="#Tree_lp_11_002-mesh-positions"/>
        </vertices>
        <triangles material="Bark_002-material" count="380">
          <input semantic="VERTEX" source="#Tree_lp_11_002-mesh-vertices" offset="0"/>
          <input semantic="NORMAL" source="#Tree_lp_11_002-mesh-normals" offset="1"/>
          <input semantic="TEXCOORD" source="#Tree_lp_11_002-mesh-map-0" offset="2" set="0"/>
          <p>6 0 0 13 1 1 12 2 2 14 3 3 7 4 4 8 5 5 9 6 6 14 7 7 8 8 8 10 9 9 15 10 10 9 11 11 10 12 12 17 13 13 16 14 14 6 15 15 17 16 16 11 17 17 13 18 18 18 19 19 12 20 20 20 21 21 13 22 22 14 23 23 21 24 24 14 25 25 15 26 26 15 27 27 22 28 28 21 29 29 16 30 30 23 31 31 22 32 32 12 33 33 23 34 34 17 35 35 25 36 36 18 37 37 19 38 38 20 39 39 25 40 40 19 41 41 21 42 42 26 43 43 20 44 44 22 45 45 27 46 46 21 47 47 23 48 48 28 49 49 22 50 50 23 51 51 24 52 52 29 53 53 31 54 54 24 55 55 25 56 56 26 57 57 31 58 58 25 59 59 33 60 60 26 61 61 27 62 62 34 63 63 27 64 64 28 65 65 28 66 66 35 67 67 34 68 68 29 69 69 30 70 70 35 71 71 30 72 72 37 73 73 36 74 74 38 75 75 31 76 76 32 77 77 39 78 78 32 79 79 33 80 80 34 81 81 39 82 82 33 83 83 35 84 84 40 85 85 34 86 86 30 87 87 41 88 88 35 89 89 37 90 90 42 91 91 36 92 92 38 93 93 43 94 94 37 95 95 38 96 96 45 97 97 44 98 98 39 99 99 46 100 100 45 101 101 47 102 102 40 103 103 41 104 104 42 105 105 41 106 106 36 107 107 49 108 108 54 109 109 48 110 110 49 111 111 56 112 112 55 113 113 50 114 114 57 115 115 56 116 116 51 117 117 58 118 118 57 119 119 59 120 120 52 121 121 53 122 122 48 123 123 59 124 124 53 125 125 61 126 126 54 127 127 55 128 128 62 129 129 55 130 130 56 131 131 62 132 132 57 133 133 63 134 134 63 135 135 58 136 136 64 137 137 65 138 138 58 139 139 59 140 140 54 141 141 65 142 142 59 143 143 67 144 144 60 145 145 61 146 146 62 147 147 67 148 148 61 149 149 63 150 150 68 151 151 62 152 152 63 153 153 70 154 154 69 155 155 65 156 156 70 157 157 64 158 158 65 159 159 66 160 160 71 161 161 66 162 162 73 163 163 72 164 164 68 165 165 73 166 166 67 167 167 75 168 168 68 169 169 69 170 170 75 171 171 70 172 172 76 173 173 71 174 174 76 175 175 70 176 176 71 177 177 72 178 178 77 179 179 81 180 180 78 181 181 79 182 182 81 183 183 82 184 184 80 185 185 83 186 186 84 187 187 82 188 188 79 189 189 84 190 190 85 191 191 91 192 192 94 193 193 90 194 194 91 195 195 96 196 196 95 197 197 97 198 198 92 199 199 93 200 200 90 201 201 97 202 202 93 203 203 99 204 204 94 205 205 95 206 206 96 207 207 99 208 208 95 209 209 97 210 210 100 211 211 96 212 212 98 213 213 97 214 214 94 215 215 105 216 216 102 217 217 103 218 218 107 219 219 104 220 220 105 221 221 107 222 222 108 223 223 106 224 224 109 225 225 102 226 226 108 227 227 111 228 228 114 229 229 110 230 230 111 231 231 116 232 232 115 233 233 113 234 234 116 235 235 112 236 236 113 237 237 114 238 238 117 239 239 115 240 240 118 241 241 114 242 242 116 243 243 119 244 244 115 245 245 116 246 246 121 247 247 120 248 248 117 249 249 118 250 250 121 251 251 123 252 252 118 253 253 119 254 254 123 255 255 120 256 256 124 257 257 124 258 258 121 259 259 125 260 260 125 261 261 118 262 262 122 263 263 122 264 264 127 265 265 126 266 266 124 267 267 127 268 268 123 269 269 124 270 270 129 271 271 128 272 272 129 273 273 122 274 274 126 275 275 126 276 276 131 277 277 130 278 278 128 279 279 131 280 280 127 281 281 133 282 282 128 283 283 129 284 284 126 285 285 133 286 286 129 287 287 135 288 288 138 289 289 134 290 290 136 291 291 139 292 292 135 293 293 137 294 294 140 295 295 136 296 296 137 297 297 138 298 298 141 299 299 139 300 300 142 301 301 138 302 302 140 303 303 143 304 304 139 305 305 140 306 306 145 307 307 144 308 308 141 309 309 142 310 310 145 311 311 143 312 312 146 313 313 142 314 314 148 315 315 143 316 316 144 317 317 144 318 318 149 319 319 148 320 320 142 321 321 149 322 322 145 323 323 151 324 324 146 325 325 147 326 326 151 327 327 148 328 328 152 329 329 152 330 330 149 331 331 153 332 332 150 333 333 149 334 334 146 335 335 150 336 336 155 337 337 154 338 338 152 339 339 155 340 340 151 341 341 152 342 342 157 343 343 156 344 344 150 345 345 157 346 346 153 347 347 159 348 348 160 349 349 158 350 350 163 351 351 160 352 352 161 353 353 165 354 354 162 355 355 163 356 356 165 357 357 158 358 358 164 359 359 160 360 360 166 361 361 158 362 362 160 363 363 168 364 364 167 365 365 164 366 366 168 367 367 162 368 368 164 369 369 166 370 370 169 371 371 167 372 372 170 373 373 166 374 374 168 375 375 171 376 376 167 377 377 168 378 378 173 379 379 172 380 380 170 381 381 169 382 382 166 383 383 175 384 384 170 385 385 171 386 386 172 387 387 175 388 388 171 389 389 172 390 390 177 391 391 176 392 392 177 393 393 170 394 394 174 395 395 175 396 396 178 397 397 174 398 398 175 399 399 180 400 400 179 401 401 177 402 402 180 403 403 176 404 404 177 405 405 178 406 406 181 407 407 179 408 408 182 409 409 178 410 410 184 411 411 179 412 412 180 413 413 181 414 414 184 415 415 180 416 416 181 417 417 182 418 418 185 419 419 0 420 420 261 421 421 260 422 422 1 423 423 262 424 424 261 425 425 3 426 426 262 427 427 2 428 428 3 429 429 265 430 430 264 431 431 5 432 432 265 433 433 4 434 434 0 435 435 266 436 436 5 437 437 267 438 438 6 439 439 260 440 440 8 441 441 267 442 442 268 443 443 9 444 444 268 445 445 264 446 446 265 447 447 9 448 448 264 449 449 266 450 450 10 451 451 265 452 452 6 453 453 266 454 454 260 455 455 261 456 456 48 457 457 260 458 458 50 459 459 261 460 460 262 461 461 51 462 462 262 463 463 264 464 464 268 465 465 51 466 466 264 467 467 267 468 468 52 469 469 268 470 470 48 471 471 267 472 472 260 473 473 269 474 474 104 475 475 270 476 476 271 477 477 104 478 478 106 479 479 271 480 480 108 481 481 263 482 482 108 483 483 269 484 484 263 485 485 110 486 486 272 487 487 111 488 488 112 489 489 272 490 490 271 491 491 263 492 492 112 493 493 271 494 494 110 495 495 263 496 496 269 497 497 130 498 498 276 499 499 279 500 500 132 501 501 276 502 502 131 503 503 280 504 504 132 505 505 133 506 506 130 507 507 280 508 508 133 509 509 270 510 510 134 511 511 269 512 512 136 513 513 270 514 514 271 515 515 272 516 516 136 517 517 271 518 518 134 519 519 272 520 520 269 521 521 274 522 522 154 523 523 155 524 524 274 525 525 156 526 526 275 527 527 278 528 528 156 529 529 157 530 530 278 531 531 154 532 532 273 533 533 276 534 534 186 535 535 279 536 536 277 537 537 280 537 538 279 537 539 277 538 540 279 538 541 186 538 542 274 539 543 187 540 544 273 541 545 275 542 546 278 542 547 273 542 548 275 543 549 273 543 550 187 544 551 92 545 552 89 546 553 93 547 554 87 548 555 92 549 556 91 550 557 90 551 558 89 552 559 86 553 560 91 554 561 86 555 562 87 556 563 84 557 564 88 558 565 82 559 566 88 560 567 80 561 568 82 562 569 86 563 570 84 564 571 78 565 572 80 566 573 86 567 574 78 568 575 6 689 936 7 690 937 13 691 938 14 692 939 13 693 940 7 694 941 9 695 942 15 696 943 14 697 944 10 698 945 16 699 946 15 700 947 10 701 948 11 702 949 17 703 950 6 704 951 12 705 952 17 706 953 13 707 954 19 708 955 18 709 956 20 710 957 19 711 958 13 712 959 21 713 960 20 714 961 14 715 962 15 716 963 16 717 964 22 718 965 16 719 966 17 720 967 23 721 968 12 722 969 18 723 970 23 724 971 25 725 972 24 726 973 18 727 974 20 728 975 26 729 976 25 730 977 21 731 978 27 732 979 26 733 980 22 734 981 28 735 982 27 736 983 23 737 984 29 738 985 28 739 986 23 740 987 18 741 988 24 742 989 31 743 990 30 744 991 24 745 992 26 746 993 32 747 994 31 748 995 33 749 996 32 750 997 26 751 998 34 752 999 33 753 1000 27 754 1001 28 755 1002 29 756 1003 35 757 1004 29 758 1005 24 759 1006 30 760 1007 30 761 1008 31 762 1009 37 763 1010 38 764 1011 37 765 1012 31 766 1013 39 767 1014 38 768 1015 32 769 1016 34 770 1017 40 771 1018 39 772 1019 35 773 1020 41 774 1021 40 775 1022 30 776 1023 36 777 1024 41 778 1025 37 779 1026 43 780 1027 42 781 1028 38 782 1029 44 783 1030 43 784 1031 38 785 1032 39 786 1033 45 787 1034 39 788 1035 40 789 1036 46 790 1037 47 791 1038 46 792 1039 40 793 1040 42 794 1041 47 795 1042 41 796 1043 49 797 1044 55 798 1045 54 799 1046 49 800 1047 50 801 1048 56 802 1049 50 803 1050 51 804 1051 57 805 1052 51 806 1053 52 807 1054 58 808 1055 59 809 1056 58 810 1057 52 811 1058 48 812 1059 54 813 1060 59 814 1061 61 815 1062 60 816 1063 54 817 1064 62 818 1065 61 819 1066 55 820 1067 62 821 1068 56 822 1069 57 823 1070 63 824 1071 57 825 1072 58 826 1073 65 827 1074 64 828 1075 58 829 1076 54 830 1077 60 831 1078 65 832 1079 67 833 1080 66 834 1081 60 835 1082 62 836 1083 68 837 1084 67 838 1085 63 839 1086 69 840 1087 68 841 1088 63 842 1089 64 843 1090 70 844 1091 65 845 1092 71 846 1093 70 847 1094 65 848 1095 60 849 1096 66 850 1097 66 851 1098 67 852 1099 73 853 1100 68 854 1101 74 855 1102 73 856 1103 75 857 1104 74 858 1105 68 859 1106 75 860 1107 69 861 1108 70 862 1109 71 863 1110 77 864 1111 76 865 1112 71 866 1113 66 867 1114 72 868 1115 81 869 1116 80 870 1117 78 871 1118 81 872 1119 83 873 1120 82 874 1121 83 875 1122 85 876 1123 84 877 1124 79 878 1125 78 879 1126 84 880 1127 91 881 1128 95 882 1129 94 883 1130 91 884 1131 92 885 1132 96 886 1133 97 887 1134 96 888 1135 92 889 1136 90 890 1137 94 891 1138 97 892 1139 99 893 1140 98 894 1141 94 895 1142 96 896 1143 100 897 1144 99 898 1145 97 899 1146 101 900 1147 100 901 1148 98 902 1149 101 903 1150 97 904 1151 105 905 1152 104 906 1153 102 907 1154 107 908 1155 106 909 1156 104 910 1157 107 911 1158 109 912 1159 108 913 1160 109 914 1161 103 915 1162 102 916 1163 111 917 1164 115 918 1165 114 919 1166 111 920 1167 112 921 1168 116 922 1169 113 923 1170 117 924 1171 116 925 1172 113 926 1173 110 927 1174 114 928 1175 115 929 1176 119 930 1177 118 931 1178 116 932 1179 120 933 1180 119 934 1181 116 935 1182 117 936 1183 121 937 1184 117 938 1185 114 939 1186 118 940 1187 123 941 1188 122 942 1189 118 943 1190 123 944 1191 119 945 1192 120 946 1193 124 947 1194 120 948 1195 121 949 1196 125 950 1197 121 951 1198 118 952 1199 122 953 1200 123 954 1201 127 955 1202 124 956 1203 128 957 1204 127 958 1205 124 959 1206 125 960 1207 129 961 1208 129 962 1209 125 963 1210 122 964 1211 126 965 1212 127 966 1213 131 967 1214 128 968 1215 132 969 1216 131 970 1217 133 971 1218 132 972 1219 128 973 1220 126 974 1221 130 975 1222 133 976 1223 135 977 1224 139 978 1225 138 979 1226 136 980 1227 140 981 1228 139 982 1229 137 983 1230 141 984 1231 140 985 1232 137 986 1233 134 987 1234 138 988 1235 139 989 1236 143 990 1237 142 991 1238 140 992 1239 144 993 1240 143 994 1241 140 995 1242 141 996 1243 145 997 1244 141 998 1245 138 999 1246 142 1000 1247 143 1001 1248 147 1002 1249 146 1003 1250 148 1004 1251 147 1005 1252 143 1006 1253 144 1007 1254 145 1008 1255 149 1009 1256 142 1010 1257 146 1011 1258 149 1012 1259 151 1013 1260 150 1014 1261 146 1015 1262 151 1016 1263 147 1017 1264 148 1018 1265 152 1019 1266 148 1020 1267 149 1021 1268 150 1022 1269 153 1023 1270 149 1024 1271 150 1025 1272 151 1026 1273 155 1027 1274 152 1028 1275 156 1029 1276 155 1030 1277 152 1031 1278 153 1032 1279 157 1033 1280 150 1034 1281 154 1035 1282 157 1036 1283 159 1037 1284 161 1038 1285 160 1039 1286 163 1040 1287 162 1041 1288 160 1042 1289 165 1043 1290 164 1044 1291 162 1045 1292 165 1046 1293 159 1047 1294 158 1048 1295 160 1049 1296 167 1050 1297 166 1051 1298 160 1052 1299 162 1053 1300 168 1054 1301 164 1055 1302 169 1056 1303 168 1057 1304 164 1058 1305 158 1059 1306 166 1060 1307 167 1061 1308 171 1062 1309 170 1063 1310 168 1064 1311 172 1065 1312 171 1066 1313 168 1067 1314 169 1068 1315 173 1069 1316 170 1070 1317 173 1071 1318 169 1072 1319 175 1073 1320 174 1074 1321 170 1075 1322 172 1076 1323 176 1077 1324 175 1078 1325 172 1079 1326 173 1080 1327 177 1081 1328 177 1082 1329 173 1083 1330 170 1084 1331 175 1085 1332 179 1086 1333 178 1087 1334 175 1088 1335 176 1089 1336 180 1090 1337 177 1091 1338 181 1092 1339 180 1093 1340 177 1094 1341 174 1095 1342 178 1096 1343 179 1097 1344 183 1098 1345 182 1099 1346 184 1100 1347 183 1101 1348 179 1102 1349 181 1103 1350 185 1104 1351 184 1105 1352 181 1106 1353 178 1107 1354 182 1108 1355 0 1109 1356 1 1110 1357 261 1111 1358 1 1112 1359 2 1113 1360 262 1114 1361 3 1115 1362 264 1116 1363 262 1117 1364 3 1118 1365 4 1119 1366 265 1120 1367 5 1121 1368 266 1122 1369 265 1123 1370 0 1124 1371 260 1125 1372 266 1126 1373 267 1127 1374 7 1128 1375 6 1129 1376 8 1130 1377 7 1131 1378 267 1132 1379 9 1133 1380 8 1134 1381 268 1135 1382 265 1136 1383 10 1137 1384 9 1138 1385 266 1139 1386 11 1140 1387 10 1141 1388 6 1142 1389 11 1143 1390 266 1144 1391 261 1145 1392 49 1146 1393 48 1147 1394 50 1148 1395 49 1149 1396 261 1150 1397 51 1151 1398 50 1152 1399 262 1153 1400 268 1154 1401 52 1155 1402 51 1156 1403 267 1157 1404 53 1158 1405 52 1159 1406 48 1160 1407 53 1161 1408 267 1162 1409 269 1163 1410 102 1164 1411 104 1165 1412 271 1166 1413 270 1167 1414 104 1168 1415 271 1169 1416 106 1170 1417 108 1171 1418 108 1172 1419 102 1173 1420 269 1174 1421 110 1175 1422 269 1176 1423 272 1177 1424 112 1178 1425 111 1179 1426 272 1180 1427 263 1181 1428 113 1182 1429 112 1183 1430 110 1184 1431 113 1185 1432 263 1186 1433 130 1187 1434 131 1188 1435 276 1189 1436 132 1190 1437 277 1191 1438 276 1192 1439 280 1193 1440 277 1194 1441 132 1195 1442 130 1196 1443 279 1197 1444 280 1198 1445 270 1199 1446 135 1200 1447 134 1201 1448 136 1202 1449 135 1203 1450 270 1204 1451 272 1205 1452 137 1206 1453 136 1207 1454 134 1208 1455 137 1209 1456 272 1210 1457 274 1211 1458 273 1212 1459 154 1213 1460 274 1214 1461 155 1215 1462 156 1216 1463 278 1217 1464 275 1218 1465 156 1219 1466 278 1220 1467 157 1221 1468 154 1222 1469 276 1223 1470 277 1224 1471 186 1225 1472 274 1226 1473 275 1227 1474 187 1228 1475 92 1229 1476 88 1230 1477 89 1231 1478 87 1232 1479 88 1233 1480 92 1234 1481 90 1235 1482 93 1236 1483 89 1237 1484 91 1238 1485 90 1239 1486 86 1240 1487 84 1241 1488 89 1242 1489 88 1243 1490 88 1244 1491 87 1245 1492 80 1246 1493 86 1247 1494 89 1248 1495 84 1249 1496 80 1250 1497 87 1251 1498 86 1252 1499</p>
        </triangles>
        <triangles material="Tree_002-material" count="120">
          <input semantic="VERTEX" source="#Tree_lp_11_002-mesh-vertices" offset="0"/>
          <input semantic="NORMAL" source="#Tree_lp_11_002-mesh-normals" offset="1"/>
          <input semantic="TEXCOORD" source="#Tree_lp_11_002-mesh-map-0" offset="2" set="0"/>
          <p>188 569 576 189 569 577 190 569 578 191 570 579 188 570 580 190 570 581 192 571 582 191 571 583 190 571 584 193 572 585 192 572 586 190 572 587 189 573 588 193 573 589 190 573 590 194 574 591 195 574 592 196 574 593 195 575 594 197 575 595 196 575 596 197 576 597 198 576 598 196 576 599 198 577 600 199 577 601 196 577 602 199 578 603 194 578 604 196 578 605 188 579 606 194 579 607 189 579 608 191 580 609 195 580 610 188 580 611 192 581 612 197 581 613 191 581 614 193 582 615 198 582 616 192 582 617 189 583 618 199 583 619 193 583 620 194 584 621 188 584 622 195 584 623 195 585 624 191 585 625 197 585 626 197 586 627 192 586 628 198 586 629 198 587 630 193 587 631 199 587 632 199 588 633 189 588 634 194 588 635 200 589 636 201 589 637 202 589 638 203 590 639 201 590 640 200 590 641 204 591 642 201 591 643 203 591 644 205 592 645 201 592 646 204 592 647 202 593 648 201 593 649 205 593 650 206 594 651 207 594 652 208 594 653 208 595 654 207 595 655 209 595 656 209 596 657 207 596 658 210 596 659 210 597 660 207 597 661 211 597 662 211 598 663 207 598 664 206 598 665 200 599 666 202 599 667 206 599 668 203 600 669 200 600 670 208 600 671 204 601 672 203 601 673 209 601 674 205 602 675 204 602 676 210 602 677 202 603 678 205 603 679 211 603 680 206 604 681 208 604 682 200 604 683 208 605 684 209 605 685 203 605 686 209 606 687 210 606 688 204 606 689 210 607 690 211 607 691 205 607 692 211 608 693 206 608 694 202 608 695 212 609 696 213 609 697 214 609 698 215 610 699 212 610 700 214 610 701 216 611 702 215 611 703 214 611 704 217 612 705 216 612 706 214 612 707 213 613 708 217 613 709 214 613 710 218 614 711 219 614 712 220 614 713 219 615 714 221 615 715 220 615 716 221 616 717 222 616 718 220 616 719 222 617 720 223 617 721 220 617 722 223 618 723 218 618 724 220 618 725 212 619 726 218 619 727 213 619 728 215 620 729 219 620 730 212 620 731 216 621 732 221 621 733 215 621 734 217 622 735 222 622 736 216 622 737 213 623 738 223 623 739 217 623 740 218 624 741 212 624 742 219 624 743 219 625 744 215 625 745 221 625 746 221 626 747 216 626 748 222 626 749 222 627 750 217 627 751 223 627 752 223 628 753 213 628 754 218 628 755 224 629 756 225 629 757 226 629 758 227 630 759 224 630 760 226 630 761 228 631 762 227 631 763 226 631 764 229 632 765 228 632 766 226 632 767 225 633 768 229 633 769 226 633 770 230 634 771 231 634 772 232 634 773 231 635 774 233 635 775 232 635 776 233 636 777 234 636 778 232 636 779 234 637 780 235 637 781 232 637 782 235 638 783 230 638 784 232 638 785 224 639 786 230 639 787 225 639 788 227 640 789 231 640 790 224 640 791 228 641 792 233 641 793 227 641 794 229 642 795 234 642 796 228 642 797 225 643 798 235 643 799 229 643 800 230 644 801 224 644 802 231 644 803 231 645 804 227 645 805 233 645 806 233 646 807 228 646 808 234 646 809 234 647 810 229 647 811 235 647 812 235 648 813 225 648 814 230 648 815 236 649 816 237 649 817 238 649 818 239 650 819 237 650 820 236 650 821 240 651 822 237 651 823 239 651 824 241 652 825 237 652 826 240 652 827 238 653 828 237 653 829 241 653 830 242 654 831 243 654 832 244 654 833 244 655 834 243 655 835 245 655 836 245 656 837 243 656 838 246 656 839 246 657 840 243 657 841 247 657 842 247 658 843 243 658 844 242 658 845 236 659 846 238 659 847 242 659 848 239 660 849 236 660 850 244 660 851 240 661 852 239 661 853 245 661 854 241 662 855 240 662 856 246 662 857 238 663 858 241 663 859 247 663 860 242 664 861 244 664 862 236 664 863 244 665 864 245 665 865 239 665 866 245 666 867 246 666 868 240 666 869 246 667 870 247 667 871 241 667 872 247 668 873 242 668 874 238 668 875 248 669 876 249 669 877 250 669 878 251 670 879 248 670 880 250 670 881 252 671 882 251 671 883 250 671 884 253 672 885 252 672 886 250 672 887 249 673 888 253 673 889 250 673 890 254 674 891 255 674 892 256 674 893 255 675 894 257 675 895 256 675 896 257 676 897 258 676 898 256 676 899 258 677 900 259 677 901 256 677 902 259 678 903 254 678 904 256 678 905 248 679 906 254 679 907 249 679 908 251 680 909 255 680 910 248 680 911 252 681 912 257 681 913 251 681 914 253 682 915 258 682 916 252 682 917 249 683 918 259 683 919 253 683 920 254 684 921 248 684 922 255 684 923 255 685 924 251 685 925 257 685 926 257 686 927 252 686 928 258 686 929 258 687 930 253 687 931 259 687 932 259 688 933 249 688 934 254 688 935</p>
        </triangles>
      </mesh>
    </geometry>
    <geometry id="Tree_lp_11_001-mesh" name="Tree_lp_11.001">
      <mesh>
        <source id="Tree_lp_11_001-mesh-positions">
          <float_array id="Tree_lp_11_001-mesh-positions-array" count="843">-0.524753 -0.707811 -1.37533 -1.53072 -0.666692 -0.246043 -0.906262 -0.661508 1.11465 0.545834 -0.691875 1.43058 1.42838 -0.731081 0.229593 1.00376 -0.742633 -1.23456 0.786882 2.82926 -1.29208 0.63432 3.39803 -0.788073 0.981512 3.47944 -0.07891285 1.52378 2.91226 0.09195077 1.67634 2.34349 -0.412051 1.32915 2.26209 -1.12121 2.59035 4.58157 -2.36406 2.28499 4.93522 -1.78959 2.61892 4.92501 -1.15015 3.30715 4.6892 -1.05697 3.57986 4.27748 -1.60876 3.19057 4.18931 -2.20974 3.54873 7.47469 -3.08566 3.17914 7.78206 -2.58487 3.45759 7.91591 -1.98529 4.12953 7.82592 -1.85391 4.46704 7.4315 -2.31475 4.16741 7.24017 -2.88795 4.61062 9.7155 -4.61096 4.32967 10.0261 -4.18947 4.61849 10.3778 -3.75896 5.1932 10.1512 -3.64934 5.4464 9.75916 -4.01712 5.23061 9.62172 -4.58895 5.32991 12.1494 -6.04678 4.94374 12.4323 -5.75564 5.13216 12.7581 -5.32972 5.682 12.7851 -5.24367 6.06216 12.6056 -5.61406 5.87457 12.2655 -6.02901 4.50482 14.4674 -8.187001 4.19017 14.5513 -7.82242 4.29636 14.8645 -7.4208 4.81238 14.9139 -7.37723 5.12365 14.8422 -7.74729 4.97229 14.6929 -8.22209 3.99985 17.357 -8.28958 3.73223 17.4265 -7.97026 3.86047 17.5496 -7.58888 4.27885 17.5479 -7.50233 4.54164 17.4121 -7.80389 4.41747 17.3449 -8.20025 -1.32999 3.06875 -0.363729 -1.55759 2.54365 0.157999 -1.27446 2.48797 0.896637 -0.713633 3.03217 1.07856 -0.486032 3.55727 0.556835 -0.769166 3.61295 -0.181802 -3.13891 4.92041 0.608952 -3.54369 4.65459 1.16326 -3.18725 4.57937 1.79795 -2.5597 4.89534 1.93327 -2.19822 5.25073 1.3996 -2.47852 5.16848 0.728617 -3.69165 8.11752 0.828338 -4.08153 7.96337 1.40745 -3.81857 7.91917 2.02716 -3.12958 8.04124 2.1732 -2.73953 7.95445 1.58035 -3.00248 7.98061 0.959613 -3.08732 11.0352 1.06462 -3.43606 10.9484 1.53576 -3.28627 11.1202 2.13284 -2.66283 11.013 2.19557 -2.3154 10.9363 1.72171 -2.46225 11.1303 1.13072 -3.48996 13.9078 1.06409 -3.90333 13.8031 1.44793 -3.71347 13.7671 1.99329 -3.18115 13.8962 2.10893 -2.83285 14.1725 1.74622 -2.99599 14.138 1.19218 -4.00133 8.77271 1.0531 -3.13923 8.37941 1.16974 -4.34707 8.11694 0.90442 -3.49063 7.64338 1.01312 -4.50992 8.03998 1.63875 -3.67443 7.55971 1.81871 -4.16418 8.69576 1.78744 -3.32303 8.295741 1.97533 -5.39095 9.67738 0.666911 -5.90213 9.28261 0.442941 -6.10893 9.22953 1.09234 -5.72877 9.77441 1.25323 -6.74064 11.3948 0.568838 -7.10149 10.9461 0.356538 -7.23338 10.7799 0.932314 -6.87331 11.2291 1.14461 -7.69876 11.9113 0.443552 -8.10324 11.5316 0.251496 -8.099201 11.2996 0.790802 -7.82275 11.7732 1.00053 -8.46285 12.8019 1.2725 -8.95731 12.5917 1.14086 -8.88589 12.2117 1.53638 -8.430991 12.471 1.71465 -2.28227 5.84553 1.04559 -2.87672 5.10514 0.686232 -2.54328 5.76185 1.81172 -3.17736 4.99241 1.52808 -1.91518 5.26874 1.96791 -2.49943 4.42257 1.69388 -1.65417 5.35241 1.20179 -2.19879 4.5353 0.85203 -0.650002 6.83895 1.47679 -0.894234 6.86803 2.01372 -0.728117 6.31387 2.13249 -0.483885 6.28479 1.59556 0.312135 7.16361 2.20397 0.02987378 7.21088 2.69134 0.133727 6.65995 2.763 0.567266 6.70004 2.40261 0.97366 7.64614 2.8445 0.635033 7.68697 3.24996 0.953424 7.38978 3.5517 1.23368 7.27369 3.11728 1.42008 8.48807 2.84257 1.21664 8.65476 3.26961 1.63447 8.52095 3.51262 1.85446 8.40175 3.07795 1.63962 9.845561 2.50049 1.46076 9.79022 2.97366 1.91164 9.93458 3.16023 2.07711 9.72142 2.72881 1.54687 11.2027 2.46467 1.40554 11.0172 2.87937 1.81029 11.1741 3.07406 1.94363 11.0134 2.64659 -2.15729 7.1855 2.14287 -2.35035 6.72039 2.45419 -1.80345 6.61322 2.65402 -1.61039 7.07833 2.3427 -2.26412 7.84226 3.28072 -2.44926 7.37123 3.51805 -1.91809 7.23764 3.62975 -1.75831 7.75817 3.50332 -2.58399 8.108591 4.30162 -2.74287 7.62928 4.45258 -2.33356 7.59262 4.78256 -2.13677 8.03292 4.57001 -3.14679 8.669651 4.83075 -3.44636 8.459361 5.17168 -3.07754 8.47961 5.50897 -2.77663 8.68594 5.16679 -3.17157 9.93949 4.85731 -3.47714 9.77942 5.20787 -3.15146 9.89589 5.55751 -2.81727 9.92985 5.19828 -3.7328 11.1812 5.02111 -3.90473 10.8456 5.35205 -3.69858 11.1441 5.6986 -3.36631 11.0456 5.3358 5.748 11.6475 -6.08637 5.56824 11.7865 -4.97864 5.79319 11.0142 -6.00004 5.62471 11.0673 -4.90753 5.17074 10.9534 -6.1396 4.91558 10.9983 -5.04161 5.12555 11.5867 -6.22594 4.85911 11.7176 -5.11272 6.01564 11.4634 -7.14982 6.05398 10.8789 -7.03803 5.46197 10.8451 -7.10101 5.46079 11.3852 -7.35379 6.27901 10.9308 -8.182391 6.17475 10.465 -7.86734 5.73833 10.3553 -8.2203 5.71131 10.9257 -8.251481 6.89322 10.6549 -9.064081 6.86041 10.1333 -9.0109 6.50352 10.1118 -9.395831 6.47504 10.6362 -9.38154 7.62143 10.7374 -9.753951 7.90282 10.3007 -9.896531 7.50426 10.3398 -10.2569 7.63472 10.8621 -10.2779 8.96624 11.0281 -9.91979 9.25974 10.646 -9.98339 9.04398 10.6783 -10.4176 9.053871 11.1626 -10.3784 1.85614 12.673 2.9672 -4.10729 12.4851 5.3907 10.8466 20.3032 -5.81436 6.87322 24.2135 -4.22274 5.90952 18.5685 -3.3188 8.06006 15.6382 -7.83539 2.36455 16.6654 -7.49283 1.63104 21.9652 -5.26009 9.61936 24.7719 -9.29799 10.3529 19.4721 -11.5307 6.07439 22.8688 -13.472 5.11069 17.2238 -12.5681 1.13734 21.1341 -10.9765 3.92385 25.7991 -8.95543 -8.0904 21.5101 5.79498 -0.851714 21.0368 6.86486 -3.50264 25.4041 1.60499 -4.99437 14.9908 7.09148 1.50683 14.8557 3.70278 2.42877 21.2915 0.311945 -9.28367 22.0573 -1.41917 -6.92512 15.8762 -4.58125 -10.2056 15.6215 1.97166 -4.27419 11.5089 0.678616 0.313567 15.403 -3.51137 -2.78246 21.9222 -4.80787 -12.0443 16.7223 6.65824 -10.8649 19.2722 2.91027 -14.0619 15.8715 2.5175 -12.7275 12.3079 5.24887 -11.9703 12.1295 0.629857 -10.8191 16.4337 -0.81548 -7.55456 17.8104 5.88439 -8.70571 13.5062 7.32972 -5.46294 14.0684 3.99675 -8.65997 10.6677 3.60398 -7.48055 13.2176 -0.143998 -6.79736 17.632 1.26537 0.02606767 13.3493 1.17591 1.76198 15.2723 2.18123 2.72727 13.2562 0.530265 1.3649 10.9144 1.14809 3.92825 11.3325 2.13621 4.17366 14.0259 2.77472 -0.196977 14.1765 3.81941 -0.442385 11.4831 3.1809 1.004 12.2528 5.42535 1.9693 10.2367 3.77439 3.7052 12.1597 4.77971 2.36637 14.5946 4.80753 13.9192 11.3979 -10.9759 11.569 9.36617 -12.6032 11.6449 12.8144 -13.2389 12.2513 8.87661 -9.19811 8.94605 8.73477 -10.3623 8.57131 11.1684 -12.8597 12.3741 14.4559 -10.2267 9.75122 13.8245 -7.9858 12.7489 12.0222 -7.72934 9.675271 10.3763 -7.35011 7.40095 11.7927 -9.61308 9.06893 14.3141 -11.3909 2.00384 21.4118 -4.55281 4.54963 22.6688 -2.18035 3.04216 19.3275 -1.67746 -0.529795 19.531 -2.62065 0.450123 19.6257 0.945956 3.58938 21.565 1.21808 1.90933 24.9374 -3.43434 -1.22992 22.9981 -3.70646 -0.68271 25.2355 -0.810925 -2.19017 21.8942 -0.308036 0.355617 23.1513 2.06443 2.88925 25.0321 0.132266 -0.36303 2.39901 -1.14342 -1.26129 2.20093 -0.194404 -0.714177 2.18956 0.836823 -1.18249 5.8804 1.388 0.48326 2.3491 1.08727 1.31858 2.03719 0.103932 0.854202 2.07139 -0.969078 -0.04827809 3.49454 -0.524021 0.324427 3.47256 0.458374 -1.91764 6.39276 1.22418 -2.25408 6.35112 2.06127 -1.52244 5.91116 2.12541 -1.44617 6.78437 1.88912 -4.14722 12.4928 5.11924 -4.33194 12.2734 5.42385 -4.06593 12.4726 5.66204 1.58185 12.5037 3.05804 1.94016 12.411 3.18549 -3.85257 12.5966 5.35495 1.73995 12.659 2.71297 2.09998 12.581 2.84234</float_array>
          <technique_common>
            <accessor source="#Tree_lp_11_001-mesh-positions-array" count="281" stride="3">
              <param name="X" type="float"/>
              <param name="Y" type="float"/>
              <param name="Z" type="float"/>
            </accessor>
          </technique_common>
        </source>
        <source id="Tree_lp_11_001-mesh-normals">
          <float_array id="Tree_lp_11_001-mesh-normals-array" count="3759">-0.7131913 0.3561707 -0.6037389 -0.7101231 0.3573333 -0.6066616 -0.7106217 0.3570435 -0.6062482 -0.6204426 0.7626861 0.1826496 -0.5789059 0.8037979 0.1370289 -0.5876556 0.7969431 0.1397954 0.2302575 0.3905369 0.8913263 0.1491097 0.3900665 0.9086333 0.2195144 0.3881998 0.8950499 0.7248136 -0.3407498 0.5987778 0.7222319 -0.34083 0.6018438 0.724461 -0.3410201 0.5990506 0.5914504 -0.7679337 -0.2458949 0.6054189 -0.7572919 -0.2449024 0.6038833 -0.7583741 -0.2453443 -0.1412786 -0.3571119 -0.9233155 -0.1662284 -0.3962326 -0.9029773 -0.147145 -0.3612259 -0.9207955 -0.8517861 0.1859136 -0.4897924 -0.8622224 0.100893 -0.4963803 -0.8551073 0.1768045 -0.4873723 -0.8469396 0.2962706 0.4414943 -0.8568915 0.3425948 0.3851829 -0.8597431 0.3345804 0.3858727 0.009780108 0.2513041 0.9678589 0.004291176 0.2333382 0.9723863 0.006434381 0.2325999 0.9725513 0.8081082 0.01703947 0.5887877 0.8269827 -0.0698632 0.55787 0.8310875 -0.06062495 0.5528274 0.8897287 -0.2605828 -0.3748059 0.8495488 -0.3263138 -0.4144709 0.8509071 -0.3169369 -0.4189372 0.04524642 -0.2091242 -0.9768418 0.05350279 -0.2865327 -0.9565755 0.04242843 -0.2173423 -0.9751729 -0.8112558 -0.0262286 -0.5841028 -0.7960807 -0.01496011 -0.6050056 -0.7968775 -0.01735031 -0.6038918 -0.7573617 0.5872485 0.2855566 -0.8014723 0.5310941 0.2749204 -0.7616428 0.5812664 0.2864083 -0.1424968 0.6093187 0.7800163 -0.1336217 0.6294173 0.7654928 -0.1463509 0.6096422 0.7790494 0.8198917 0.06039708 0.5693241 0.8216423 0.0644921 0.5663434 0.8198301 0.06051778 0.5694001 0.7968684 -0.5384128 -0.2740668 0.8002319 -0.5511282 -0.236404 0.7962667 -0.5408799 -0.2709402 -0.03189742 -0.5974954 -0.8012377 -0.01467186 -0.5836852 -0.8118476 -0.0175364 -0.5846503 -0.811096 -0.9083557 -0.007481753 -0.4181315 -0.9198266 -0.05215114 -0.3888435 -0.9252805 -0.04511767 -0.3765906 -0.8454059 0.44032 0.3023364 -0.8812172 0.3528033 0.3146207 -0.8478046 0.4324827 0.3068978 0.1290004 0.5080495 0.8516129 0.1232872 0.480492 0.8682901 0.1298739 0.4783682 0.8685026 0.9122624 0.05224066 0.4062615 0.9048521 0.01862794 0.4253184 0.9084342 0.01296776 0.4178268 0.9420745 -0.2655661 -0.2048661 0.922959 -0.3176835 -0.2173107 0.9236144 -0.3132278 -0.2209638 0.139023 -0.4250639 -0.8944234 0.05475783 -0.4827632 -0.8740374 0.05276656 -0.4718566 -0.8800949 -0.6707669 -0.5943189 -0.4436856 -0.6844696 -0.609455 -0.4000824 -0.6860946 -0.6060664 -0.4024399 -0.9074314 0.07510495 0.413434 -0.8994212 0.05711728 0.433335 -0.8983903 0.05887287 0.4352345 -0.1456213 0.6622479 0.7349981 -0.156957 0.6686548 0.7268186 -0.1568036 0.6678144 0.7276239 0.6832286 0.6363458 0.358138 0.6755589 0.6285429 0.3854271 0.6834151 0.6351132 0.3599655 0.8959467 -0.04833877 -0.4415234 0.9259449 -0.05001318 -0.3743324 0.8982042 -0.04978656 -0.4367499 0.1200252 -0.6322413 -0.7654182 0.149287 -0.6585453 -0.737585 0.1213388 -0.6352515 -0.762714 -0.761397 -0.1564484 -0.6291253 -0.7621017 -0.1534146 -0.629019 -0.7613997 -0.1564072 -0.6291323 -0.9297029 -0.1309784 0.3442342 -0.9299165 -0.1293987 0.3442549 -0.9297215 -0.1308964 0.3442155 -0.2037274 0.08155727 0.9756247 -0.151519 0.04074811 0.9876141 -0.1509301 0.04769498 0.9873932 0.778291 0.1794853 0.6017044 0.7755464 0.1847069 0.6036649 0.7757095 0.184251 0.6035947 0.9097638 0.1968708 -0.3654745 0.9109703 0.1908151 -0.3656811 0.9109123 0.1908242 -0.365821 -0.1688069 -0.04548645 -0.9845991 -0.1622697 -0.08506524 -0.983073 -0.173079 -0.08787238 -0.9809802 -0.6922147 -0.3439234 -0.6344726 -0.6844075 -0.3445969 -0.6425257 -0.6912617 -0.3446599 -0.6351118 -0.6279944 -0.7416508 0.2357482 -0.644367 -0.7283481 0.233024 -0.6425596 -0.7296504 0.233939 -0.0125606 -0.3715357 0.9283338 0.02085697 -0.3759642 0.9263995 0.01760607 -0.3726028 0.9278239 0.648163 0.353546 0.6744554 0.6603674 0.3523055 0.663171 0.6585962 0.3537577 0.6641585 0.6723546 0.7220725 -0.1629436 0.607685 0.7883911 -0.0956999 0.6203671 0.7779035 -0.100054 -0.1403444 0.3755405 -0.9161184 -0.07976418 0.3732244 -0.9243058 -0.1328197 0.3729835 -0.9182823 -0.8001008 -0.06738758 -0.5960687 -0.8019447 -0.0824626 -0.5916795 -0.8017004 -0.08109623 -0.5921993 -0.8438548 -0.1843236 0.5039186 -0.840185 -0.2039026 0.5025067 -0.8392212 -0.2040469 0.5040564 -0.2015324 -0.1097784 0.9733105 -0.1923841 -0.09506893 0.9767039 -0.2014826 -0.107934 0.9735271 0.858796 0.1293169 0.4957284 0.8556409 0.1034703 0.5071219 0.8595339 0.1290839 0.4945087 0.8899135 0.2007146 -0.4095945 0.890875 0.1963483 -0.4096207 0.8907983 0.1963973 -0.4097641 0.1066919 0.09873789 -0.9893774 0.1390338 0.07381319 -0.9875329 0.108899 0.09469825 -0.9895319 -0.8476426 0.2103501 -0.4870884 -0.850213 0.1984347 -0.4876081 -0.8504721 0.1985132 -0.4871241 -0.8567522 0.1579567 0.4909435 -0.9120491 0.07099103 0.4038898 -0.8634548 0.1480461 0.4822117 -0.2567256 -0.001041531 0.9664838 -0.2540442 0.01879054 0.9670102 -0.2587521 -4.91496e-4 0.9659436 0.7954357 -0.1056758 0.5967535 0.8038514 -0.1286031 0.5807618 0.8043448 -0.1251004 0.5808436 0.8889931 -0.1093699 -0.4446679 0.8999979 -0.1672711 -0.4025224 0.8894656 -0.1164406 -0.4419194 0.1278544 4.66686e-4 -0.9917929 0.1431304 0.02199482 -0.9894594 0.1404787 0.01977765 -0.9898862 -0.5934563 -0.1043075 -0.7980787 -0.5986186 -0.06537413 -0.7983622 -0.5933023 -0.06382822 -0.8024452 -0.9527646 -0.1520364 0.2629156 -0.9538576 -0.1459605 0.2623953 -0.9528198 -0.1520861 0.2626868 -0.04711836 0.0299313 0.9984408 -0.04415589 0.009521722 0.9989794 -0.04177659 0.01019769 0.999075 0.601619 0.057015 0.796746 0.6098574 0.1803032 0.7717284 0.6034411 0.07273459 0.7940835 0.9786309 0.147526 -0.1432398 0.9755632 0.1667181 -0.1431133 0.9788587 0.1478489 -0.1413382 0.2042189 0.1167159 -0.9719425 0.1655399 0.05405747 -0.9847204 0.1620625 0.06204742 -0.9848279 0.1858726 0.116518 -0.9756408 0.1875854 0.1170545 -0.9752488 0.1866051 0.1165469 -0.9754976 -0.45499 -0.8694223 -0.1925857 -0.4554256 -0.8690426 -0.1932682 -0.4551853 -0.8692202 -0.1930356 -0.2557607 -0.08339697 0.9631363 -0.2554944 -0.08332753 0.963213 -0.2556189 -0.08332753 0.96318 0.3882209 0.9031646 0.1832438 0.3879008 0.9034029 0.1827461 0.3880456 0.9032748 0.183072 0.2550532 0.252988 -0.9332444 0.2452248 0.2518614 -0.9361788 0.2527358 0.253579 -0.9337143 -0.4502825 -0.8215734 -0.3496609 -0.4471906 -0.8250038 -0.3455277 -0.4486059 -0.8239483 -0.3462111 -0.2619021 -0.2163065 0.9405418 -0.2597079 -0.2193337 0.9404492 -0.2598667 -0.2187792 0.9405344 0.4179046 0.8357004 0.3563153 0.4112095 0.8425112 0.3479681 0.4153962 0.8375151 0.3549852 -0.187165 0.5338325 -0.8246164 -0.1761692 0.5257319 -0.8322082 -0.178182 0.5239911 -0.8328773 -0.8477298 -0.5042542 -0.1645659 -0.8201696 -0.5386472 -0.1928238 -0.8415723 -0.5135667 -0.1673483 0.2394283 -0.3953663 0.8867692 0.3285044 -0.4857058 0.8100462 0.2684552 -0.4128286 0.8703473 0.8478003 0.4369282 0.3005473 0.8405194 0.4456033 0.3081641 0.8421914 0.4426436 0.3078643 -0.7277218 0.6649039 -0.1682966 -0.7281293 0.663993 -0.1701208 -0.728026 0.6644099 -0.1689311 -0.3100678 -0.09310311 0.9461447 -0.3098441 -0.09307307 0.9462209 -0.309982 -0.09307044 0.9461761 0.7760269 -0.5986418 0.1985203 0.7758439 -0.5991736 0.1976293 0.7759936 -0.59887 0.1979614 0.3534467 0.156458 -0.9222778 0.3550223 0.156692 -0.9216327 0.3543655 0.1564334 -0.9219294 -0.2081764 0.9707385 -0.1197054 -0.2417504 0.9600309 -0.1410591 -0.2183019 0.9684333 -0.120338 -0.590741 -0.005735099 0.8068409 -0.5903894 -0.005170285 0.8071021 -0.5905043 -0.00528711 0.8070172 0.2629725 -0.9514734 0.1598247 0.252327 -0.9541286 0.1611514 0.2606779 -0.9522204 0.1591333 0.6156759 0.00115472 -0.7879987 0.6087912 0.004830777 -0.7933158 0.6105756 0.004962205 -0.7919424 -0.3553874 0.8982676 -0.2584861 -0.3948095 0.8750944 -0.2798849 -0.369503 0.8923786 -0.2590911 -0.6606988 -0.04411244 0.749354 -0.6743518 -0.04048526 0.7372996 -0.663654 -0.04493767 0.7466887 0.363853 -0.8153777 0.4503004 0.3642156 -0.8368827 0.4086251 0.3702208 -0.8304605 0.4162595 0.7484764 0.04204285 -0.6618274 0.7159395 0.05019539 -0.6963555 0.7246752 0.05519002 -0.686877 -0.6721726 0.4698512 -0.5722096 -0.6980957 0.4491916 -0.5575745 -0.690244 0.4548896 -0.5627066 -0.3706334 0.2757974 0.886886 -0.374309 0.2638964 0.888961 -0.3688425 0.2747511 0.8879567 0.7784923 -0.4267851 0.4602219 0.7599546 -0.4435721 0.4750924 0.7761119 -0.4311899 0.4601365 0.3967236 -0.2260901 -0.8896593 0.4010091 -0.2502512 -0.8812299 0.3953868 -0.2276057 -0.889868 -0.9279105 0.01094883 -0.3726422 -0.9175219 0.03623539 -0.3960312 -0.9204281 0.03052985 -0.3897179 -0.3818197 0.3065592 0.8719146 -0.4012497 0.2894757 0.8690239 -0.3840813 0.3023339 0.8723967 0.9323822 -0.06379938 0.3557994 0.9237238 -0.1155094 0.3652286 0.9268844 -0.1068457 0.3598186 0.3649294 -0.2761623 -0.8891349 0.3627715 -0.2823601 -0.8880708 0.3645927 -0.2762462 -0.889247 -0.9320964 -0.07723796 -0.3538796 -0.9316409 -0.07408726 -0.3557478 -0.931663 -0.07486903 -0.3555258 -0.3670477 0.05153751 0.9287734 -0.3865329 0.0230506 0.9219875 -0.3688003 0.04483067 0.928427 0.9434192 0.09695523 0.317112 0.9377427 0.132408 0.3211027 0.9374249 0.1266297 0.3243447 0.4850724 -0.001428484 -0.8744729 0.4715658 0.01696956 -0.8816676 0.4846464 0.001995682 -0.8747079 -0.946039 0.2377583 -0.220185 -0.9455655 0.2325598 -0.2276442 -0.9462785 0.2357665 -0.2212951 -0.3427457 -0.8184478 0.46116 -0.3443012 -0.8162109 0.4639574 -0.3431241 -0.8181912 0.4613339 0.942665 -0.2199055 0.2510465 0.9422835 -0.2225669 0.2501319 0.9426727 -0.2203752 0.2506057 0.3321537 0.8337066 -0.4411431 0.3296699 0.8326494 -0.4449862 0.3298277 0.8331109 -0.4440044 -0.9225372 0.1901358 -0.335818 -0.9214373 0.1883682 -0.3398097 -0.9224529 0.1891474 -0.3366066 -0.290936 -0.9407512 0.1741939 -0.2866133 -0.9399248 0.1854568 -0.291101 -0.9404657 0.1754554 0.8926415 -0.2039722 0.4019783 0.9004223 -0.1969998 0.387854 0.898763 -0.1967163 0.3918263 0.2465262 0.9582397 -0.1449193 0.24151 0.9573894 -0.1583623 0.2411858 0.9580791 -0.1546411 -0.6770982 0.03267902 -0.7351668 -0.6973246 0.03064501 -0.7161001 -0.6779717 0.03436827 -0.7342841 -0.4510689 -0.7703715 0.450627 -0.4673621 -0.75186 0.4650583 -0.4662625 -0.7554236 0.4603636 0.7347921 0.03216069 0.6775296 0.7242507 0.03514605 0.6886405 0.7272694 0.0339263 0.6855132 0.4137509 0.7969785 -0.4400405 0.4127205 0.7990256 -0.4372872 0.4138333 0.7970854 -0.4397692 -0.7522971 0.002338588 -0.6588199 -0.7528499 8.66255e-4 -0.6581917 -0.7528076 0.001178383 -0.6582397 -0.7386295 -0.0821914 0.6690824 -0.737989 -0.0358631 0.6738591 -0.741499 -0.07347154 0.6669193 0.7235915 0.007356882 0.6901894 0.7294184 0.01820468 0.6838256 0.7239314 0.009868919 0.6898015 0.659204 0.02722859 -0.7514711 0.660237 0.02219212 -0.7507295 0.6599366 0.02251487 -0.7509839 -0.7634925 -0.2344181 -0.6017703 -0.7407606 -0.2853198 -0.6081665 -0.7483353 -0.2762157 -0.6030749 -0.6190465 -0.3446198 0.7057045 -0.6209586 -0.3543734 0.6991637 -0.6185985 -0.3467332 0.7050618 0.7457419 0.213907 0.6309619 0.7233718 0.2363066 0.6487623 0.7278174 0.2310975 0.6456592 0.6241292 0.3884301 -0.6779268 0.6498423 0.3694846 -0.6642185 0.627886 0.3833807 -0.6773318 0.9846203 0.09102314 0.1491228 0.9846627 0.09133714 0.1486505 0.9846431 0.09127426 0.1488189 0.08579832 -0.9944232 0.0613293 0.08557009 -0.9944663 0.06094771 0.08575946 -0.9944342 0.06120288 -0.9703146 -0.09740298 -0.2213645 -0.9703888 -0.09778738 -0.2208691 -0.9703488 -0.09745949 -0.2211894 -0.06848675 0.9890562 -0.1306812 -0.06915873 0.9888373 -0.1319772 -0.06904977 0.9889034 -0.1315388 0.969698 0.0972923 0.2240985 0.9687188 0.09683805 0.2284874 0.9694974 0.09654325 0.2252868 0.04594135 -0.9873154 0.1519792 0.05304968 -0.98781 0.1463459 0.05112636 -0.987581 0.1485592 -0.9562173 -0.09423083 -0.2770726 -0.9583338 -0.1008765 -0.2672458 -0.9570423 -0.09500795 -0.2739409 -0.06188654 0.9776707 -0.2008235 -0.05866754 0.9792179 -0.1941404 -0.05878812 0.9787719 -0.1963405 0.9628853 0.1816043 0.1996791 0.9665243 0.1810217 0.1818295 0.961957 0.1885949 0.197663 0.05316334 -0.8960173 0.4408252 0.03145974 -0.9118105 0.4094045 0.0544818 -0.8987223 0.4351206 -0.9791033 -0.06397968 -0.1930374 -0.9764915 -0.07679617 -0.2014116 -0.9774363 -0.07307332 -0.1981884 0.03590214 0.8924801 -0.449656 0.03788018 0.890667 -0.4530757 0.03681445 0.8910888 -0.4523333 0.8480286 0.2015457 0.4901294 0.8889306 0.1715502 0.4247033 0.8790964 0.1841474 0.4396355 0.09830242 -0.9455059 0.3104114 0.09491783 -0.9641374 0.2478504 0.107948 -0.9471033 0.3022295 -0.8504484 -0.04056406 -0.5244923 -0.8443946 -0.05059623 -0.5333272 -0.8456903 -0.04901283 -0.5314188 0.1554395 0.9716097 -0.1783626 0.1163905 0.9789707 -0.1675401 0.1533363 0.9727783 -0.1737541 0.6841943 -0.03522658 0.7284486 0.6388518 0.009092509 0.7692761 0.6735146 -0.02925652 0.7385948 0.03785103 -0.9768097 -0.2107375 -0.02997231 -0.9869411 -0.1582686 -0.02081924 -0.9845423 -0.1739055 -0.6261166 -0.08416455 -0.7751738 -0.595617 -0.04419398 -0.802052 -0.6192427 -0.08536648 -0.7805454 -0.1035889 0.9711602 0.2147495 -0.08077186 0.9824312 0.1682406 -0.08558201 0.9786922 0.1866477 0.173103 -0.289344 0.9414433 0.0884087 -0.2457484 0.9652935 0.1569575 -0.2856977 0.945379 0.1072919 -0.956223 -0.2722609 0.1822912 -0.9573195 -0.2242973 0.1676949 -0.9606615 -0.2213771 -0.1070742 -0.05983895 -0.9924487 -0.08835232 -0.05865043 -0.9943612 -0.1064066 -0.06176656 -0.9924024 -0.1939982 0.9517675 0.2377048 -0.1879233 0.9541061 0.2331665 -0.1892253 0.9536986 0.2337793 -0.733703 0.09556978 -0.6727157 -0.7374664 0.08973276 -0.6693963 -0.7369505 0.09170919 -0.6696965 -0.8898288 0.05158209 0.45337 -0.8936192 0.06588977 0.4439633 -0.8928656 0.06268572 0.445939 -0.2053597 0.1080254 0.9727065 -0.2081381 0.1049497 0.9724527 -0.2056452 0.1071747 0.9727403 0.777225 0.1119981 0.6191751 0.7893066 0.08984178 0.6073909 0.7880203 0.09741705 0.6078931 0.9732323 0.04385584 -0.2256007 0.9670039 0.07112455 -0.244632 0.9729999 0.05117392 -0.2250607 0.05921012 0.09243631 -0.9939566 0.0838716 0.06493586 -0.9943586 0.06256031 0.08506792 -0.9944092 -0.3261702 0.5120946 -0.7945893 -0.3237401 0.5100724 -0.7968807 -0.3258724 0.5099684 -0.7960776 -0.01797735 0.9958061 0.08970528 -0.03182595 0.9960042 0.08344429 -0.02585494 0.995278 0.0935595 0.4477407 0.4361891 0.7805558 0.4413992 0.4391105 0.7825272 0.4426063 0.4343303 0.7845106 0.6813584 -0.1513077 0.7161402 0.6831527 -0.1431913 0.7160996 0.6764397 -0.1487013 0.7213303 0.493534 -0.8379646 -0.2328941 0.4394321 -0.8525719 -0.2828795 0.4617778 -0.8453379 -0.2686359 0.07068455 -0.4081797 -0.910161 0.04648238 -0.3477749 -0.9364251 0.07222092 -0.3856095 -0.9198312 -0.6514253 -0.1980237 -0.7324151 -0.6515252 -0.1910053 -0.734188 -0.6474115 -0.1949979 -0.7367729 -0.3612567 -0.902296 0.235278 -0.3615624 -0.9057589 0.2210741 -0.3534154 -0.9057383 0.2339566 -0.184889 -0.1986478 0.9624735 -0.1159073 -0.2123655 0.9702919 -0.15838 -0.2002281 0.9668632 0.3123887 0.4513481 0.8358818 0.3055959 0.4485955 0.839865 0.3120846 0.4458277 0.8389524 0.1076861 0.9929519 -0.04949939 0.1283284 0.9910402 -0.03703045 0.1181269 0.9919958 -0.04461365 -0.2759495 0.5262725 -0.8042943 -0.2751097 0.5265451 -0.8044034 -0.2754652 0.5263772 -0.8043918 -0.8275403 0.4696496 -0.3075817 -0.7880124 0.506409 -0.3501237 -0.8065279 0.4850598 -0.3379793 -0.1972585 0.006139218 0.9803323 -0.1774551 -0.08511561 0.9804413 -0.1898735 -0.03295421 0.9812554 0.5529978 -0.7804825 0.2916174 0.5691927 -0.6975787 0.4352053 0.5509909 -0.7464928 0.3730383 0.2594161 0.09636783 -0.9609457 0.266569 0.07556605 -0.960849 0.259541 0.08643043 -0.9618567 -0.1870622 0.9823413 -0.003653466 -0.2447587 0.9634734 -0.1086841 -0.2119417 0.9772804 0.001925408 -0.1412103 0.322721 0.9359011 -0.09469401 0.2913942 0.9519047 -0.115682 0.3113453 0.9432296 0.4407956 -0.865657 0.2373547 0.43796 -0.8679162 0.2343343 0.4402844 -0.8663641 0.2357178 0.1637837 0.009110391 -0.9864543 0.1592637 0.002326607 -0.9872334 0.1567404 0.004440546 -0.9876299 -0.9184256 0.227362 -0.3237298 -0.9388781 0.1790037 -0.2940505 -0.9376198 0.1886004 -0.29206 -0.4419475 -0.06597274 0.8946117 -0.4423554 -0.05546104 0.8951234 -0.4428539 -0.06530964 0.894212 0.9338847 -0.1352503 0.3310088 0.9334468 -0.1378578 0.3311682 0.9335127 -0.1376999 0.331048 0.4779503 0.04841244 -0.8770518 0.4811459 0.06383365 -0.8743135 0.4793306 0.04777669 -0.876333 -0.9204352 0.142373 -0.3640452 -0.9204236 0.1424931 -0.3640274 -0.9204352 0.142373 -0.3640452 -0.4796398 -0.6300475 0.6107258 -0.449087 -0.6142644 0.6488453 -0.4697933 -0.6179722 0.6304005 0.8841317 0.07211619 0.4616387 0.9072925 0.08429032 0.4119657 0.8955391 0.08373266 0.437034 0.1782569 0.7408288 -0.6476088 0.1835552 0.7378872 -0.6494845 0.1810897 0.7346916 -0.6537849 -0.7729711 -0.2007104 -0.6018564 -0.7725187 -0.2018766 -0.602047 -0.7725553 -0.2018117 -0.6020219 -0.4877232 -0.1345702 0.8625642 -0.5098111 -0.237078 0.8269745 -0.4744619 -0.1480088 0.8677438 0.7470133 0.2234807 0.626121 0.7452231 0.2280787 0.6265962 0.7452561 0.227319 0.6268328 0.4943391 0.1987146 -0.8462515 0.5412212 0.1548458 -0.8265001 0.4916653 0.1926265 -0.8492116 -0.2239913 0.9736931 -0.0418303 -0.1841696 0.9316256 0.3132978 0.0236302 0.9960561 0.08552098 0.0294575 0.8901512 0.4547123 0.9093576 -0.052248 -0.4127213 -0.6670951 0.7358229 0.1163995 -0.6670961 0.7345935 0.1239163 -0.6663346 0.7361139 0.1188895 -0.3964235 0.9133087 0.09335798 0.9485404 0.2881313 -0.1313453 0.9485404 0.2881313 -0.1313455 -0.3695763 -0.2151955 0.9039382 -0.368714 -0.1416795 0.9186822 -0.3733483 -0.2021337 0.9054023 -0.7703639 -0.5449819 -0.3309597 -0.7641134 -0.5635436 -0.3139259 -0.7666344 -0.559691 -0.3146711 0.7388408 0.5891252 0.3271787 0.7327723 0.5937064 0.332502 0.7337221 0.5926209 0.3323439 0.2746483 0.1507902 -0.9496477 0.2800849 0.1448792 -0.9489797 0.2796558 0.1448503 -0.9491108 -0.344026 -0.02909576 0.9385092 -0.3419405 -0.03085237 0.939215 -0.3435159 -0.02916908 0.9386938 -0.5427718 -0.8180237 -0.190358 -0.5384163 -0.8209742 -0.1900248 -0.5386241 -0.8208866 -0.1898139 0.5079157 0.8342483 0.214596 0.4780589 0.8521858 0.2126953 0.4817033 0.8491656 0.2165176 0.2771503 0.04781913 -0.9596359 0.3157303 0.03394043 -0.9482418 0.2807456 0.04186397 -0.9588689 0.4300922 0.07069563 0.9000127 0.5203888 -0.5816868 0.6251688 -0.1249012 -0.8584406 0.4974731 -0.6139987 -0.3770996 0.6933985 -0.2709921 0.1971352 0.9421789 0.6139967 0.3770993 -0.6934005 0.2709972 -0.1971297 -0.9421786 -0.4300875 -0.07069081 -0.9000153 -0.520385 0.5816878 -0.625171 0.1249005 0.8584399 -0.4974745 0.7123254 0.5426335 0.4451308 0.858419 -0.5129492 4.39156e-4 -0.1856719 -0.9607398 -0.2061676 -0.9770475 -0.1819187 0.110832 -0.4220564 0.7472131 0.5133624 0.9770463 0.1819242 -0.1108341 0.4220589 -0.7472128 -0.5133609 -0.7123268 -0.5426323 -0.4451301 -0.8584217 0.5129446 -4.38497e-4 0.1856718 0.9607396 0.2061687 -0.04688203 0.7567793 0.6519871 -0.1366133 0.130414 0.9820026 0.4406579 -0.2698432 0.8561574 0.8871607 0.1091445 0.4483675 0.5858403 0.7436322 0.3221837 -0.8871606 -0.1091454 -0.4483677 -0.5858404 -0.7436323 -0.3221834 0.04689311 -0.756776 -0.6519901 0.1366149 -0.1304152 -0.9820022 -0.4406576 0.2698431 -0.8561575 -0.5540626 0.8181626 0.1537034 -0.6992519 -0.1953175 0.6876757 0.2347914 -0.842951 0.4840524 0.9572513 -0.2297326 -0.1757636 0.4697065 0.7968888 -0.3799263 -0.9572524 0.2297301 0.1757612 -0.4697068 -0.7968887 0.3799261 0.5540667 -0.8181576 -0.1537153 0.6992514 0.1953199 -0.6876756 -0.2347912 0.8429508 -0.4840527 -0.7235121 0.6550018 0.217952 -0.8989005 -7.67727e-4 0.4381522 -0.8919335 -0.4332309 -0.1294831 -0.712237 -0.04473507 -0.7005122 -0.6081459 0.627826 -0.4857913 0.7122383 0.04474115 0.7005105 0.6081457 -0.6278302 0.4857861 0.7235093 -0.655005 -0.2179513 0.8988996 7.70536e-4 -0.438154 0.8919316 0.4332349 0.1294819 -0.1107798 0.837573 0.5349761 -0.3945527 -0.2234925 0.8912797 -0.3832755 -0.9232343 -0.02717268 -0.09252989 -0.2946351 -0.9511196 0.0758866 0.7936043 -0.6036832 0.09252923 0.2946347 0.9511197 -0.07588702 -0.7936034 0.6036843 0.1107794 -0.8375738 -0.5349749 0.3945571 0.2234918 -0.8912778 0.3832747 0.9232347 0.02717179 -0.1716609 0.5736615 -0.8009027 -0.2346943 -0.1180227 -0.9648779 0.3846482 -0.4381213 -0.8124627 0.8304592 0.05573374 -0.5542845 0.4866253 0.6810468 -0.5471481 -0.8304597 -0.05573421 0.5542838 -0.4866243 -0.681047 0.547149 0.1716596 -0.5736607 0.8009034 0.2346923 0.1180214 0.9648785 -0.3846495 0.4381206 0.8124625 -0.6357952 0.7197232 -0.2788602 -0.7377761 -0.3994495 -0.5441752 0.264333 -0.9173814 -0.2975559 0.9856773 -0.1183026 0.1201872 0.4293435 0.8934795 0.131752 -0.9856777 0.1183012 -0.1201849 -0.4293432 -0.89348 -0.1317504 0.6357971 -0.7197211 0.2788615 0.7377757 0.3994484 0.5441765 -0.2643332 0.9173813 0.2975559 0.6480334 -0.1518517 -0.7463202 0.7242853 -0.6470632 -0.2381598 0.09884554 -0.9819937 -0.1609906 -0.3639323 -0.6937859 -0.6214616 -0.02452117 -0.1807234 -0.9832283 0.3639497 0.6937721 0.6214668 0.02453768 0.1807217 0.9832282 -0.6480252 0.1518619 0.7463253 -0.7242839 0.647063 0.2381646 -0.09883975 0.9819928 0.1609997 0.7492941 0.488214 -0.4474433 0.8726702 -0.3130391 0.3747709 -0.139297 -0.8549585 0.4996423 -0.8881144 -0.388612 -0.2454255 -0.3389433 0.4415228 -0.8307678 0.8881186 0.3886086 0.2454155 0.3389354 -0.4415268 0.8307688 -0.7492796 -0.4882241 0.4474565 -0.8726662 0.3130404 -0.3747792 0.1393095 0.8549603 -0.4996358 0.7219505 -0.4096477 -0.5576524 0.1164617 -0.7836865 -0.610141 -0.06875348 -0.9966022 0.04535371 0.4222774 -0.7541388 0.5029479 0.9109594 -0.3913829 0.1302781 -0.4222853 0.7541469 -0.5029292 -0.910961 0.3913829 -0.1302675 -0.7219588 0.4096478 0.5576416 -0.1164795 0.7836965 0.6101249 0.06872314 0.9966049 -0.04534345 0.5869224 0.2590811 -0.7670719 -0.3927859 -0.3461422 -0.8520005 -0.6924598 -0.6906445 0.2085896 0.1020314 -0.2983276 0.9489943 0.8927364 0.2886329 0.3459954 -0.1020318 0.2983266 -0.9489947 -0.892733 -0.2886331 -0.3460041 -0.5869175 -0.2590824 0.7670751 0.3927862 0.3461439 0.8519997 0.6924732 0.6906302 -0.2085924 -0.7026783 0.3496987 -0.6196403 -0.7036246 0.349074 -0.6189184 -0.7089433 0.3496598 -0.6124848 -0.5617722 0.7899043 0.2458925 -0.5618209 0.7890839 0.2484024 -0.5762832 0.7774348 0.2519776 0.06334096 0.4414781 0.8950336 0.0910781 0.4529575 0.8868678 0.09894943 0.4533502 0.8858233 0.7205359 -0.3379501 0.6054896 0.7216094 -0.3375592 0.6044285 0.7217609 -0.3374524 0.6043071 0.6453548 -0.738257 -0.1961985 0.6418801 -0.7413635 -0.195883 0.6167321 -0.7592452 -0.2078182 -0.1105221 -0.4409076 -0.8907218 -0.09799897 -0.4317923 -0.8966335 -0.09806483 -0.4302264 -0.8973788 -0.8167687 0.08313477 -0.5709445 -0.807677 0.1058866 -0.5800396 -0.8087711 0.1080684 -0.5781097 -0.8983805 0.3449596 0.2718742 -0.8998418 0.3426746 0.269924 -0.9008401 0.318045 0.2955242 -0.1011093 0.2750255 0.9561057 -0.09470677 0.2809855 0.9550277 -0.1125152 0.3449784 0.9318425 0.8839402 -0.1379476 0.446789 0.8865012 -0.1345965 0.4427182 0.8851229 -0.08775091 0.4570093 0.7713599 -0.3531834 -0.529401 0.7703685 -0.3501729 -0.5328335 0.7939653 -0.3154146 -0.5197432 0.1311819 -0.2966068 -0.9459471 0.141146 -0.2713488 -0.9520754 0.1391537 -0.2698987 -0.9527807 -0.8185603 0.002110302 -0.574417 -0.8187231 0.00218898 -0.5741846 -0.8221385 -0.00490576 -0.5692664 -0.8397353 0.5010286 0.20932 -0.8285409 0.52182 0.2030366 -0.8263537 0.524764 0.2043587 0.08176541 0.641536 0.7627229 0.004506409 0.5976201 0.8017668 0.007967948 0.5885896 0.8083928 0.8442791 0.05188792 0.533386 0.8352338 0.0458914 0.547977 0.8348834 0.04384225 0.5486781 0.819325 -0.5375357 -0.1994045 0.8215144 -0.528349 -0.2143863 0.8215276 -0.5276358 -0.2160853 0.0853632 -0.5908275 -0.8022692 0.08103221 -0.5945488 -0.799966 0.03310638 -0.613556 -0.788957 -0.7736399 -0.1814793 -0.6070805 -0.7823375 -0.1581535 -0.6024413 -0.6807532 -0.08038735 -0.7280885 -0.9146451 0.3299384 0.2335918 -0.9101774 0.3536534 0.215654 -0.9087669 0.3559289 0.2178474 -0.07538694 0.5355932 0.8411045 -0.06281745 0.5437558 0.8368893 -0.1221585 0.6375675 0.7606478 0.7934622 0.1685091 0.584827 0.803356 0.1717194 0.5702033 0.758399 0.3284083 0.5630091 0.8821547 -0.3668044 -0.2953943 0.8815338 -0.3670519 -0.2969363 0.8926848 -0.3399665 -0.295866 -0.1217204 -0.4675092 -0.8755681 -0.1257997 -0.4633436 -0.8772041 -0.08034116 -0.4303563 -0.8990767 -0.7386126 -0.5835599 -0.3375048 -0.7394061 -0.5829185 -0.3368748 -0.73688 -0.5728707 -0.3589249 -0.9389499 -0.02437663 0.3431893 -0.9396762 -0.01618522 0.3416822 -0.9655061 -0.00516349 0.2603294 -0.1360934 0.6716346 0.7282757 -0.1359895 0.6715843 0.7283416 -0.1339483 0.6678894 0.7321077 0.6523928 0.6397414 0.4063431 0.6525998 0.6459714 0.3960236 0.6527628 0.6463444 0.3951454 0.9460704 0.004951238 -0.3239233 0.9359046 0.01783502 -0.3518018 0.9345393 0.01781409 -0.3554141 0.2064834 -0.6328782 -0.7462103 0.2015133 -0.6201143 -0.7581892 0.2003073 -0.6200773 -0.7585388 -0.7739266 -0.1488966 -0.615522 -0.7697225 -0.1553167 -0.6191963 -0.769702 -0.1559852 -0.6190539 -0.9273729 -0.1253921 0.3525001 -0.9277086 -0.1291589 0.3502495 -0.9276285 -0.1294888 0.35034 -0.03653085 0.04673582 0.9982392 -0.03493785 0.04871577 0.9982015 -0.05629903 0.07302135 0.9957401 0.7638824 0.1862307 0.6179011 0.7641404 0.1854279 0.6178236 0.7705317 0.1787196 0.6118336 0.9209069 0.1969994 -0.3363358 0.9203283 0.1987154 -0.3369094 0.9204509 0.2154051 -0.3261455 0.1085704 -0.001233816 -0.9940881 0.09025758 0.00729382 -0.9958918 0.1696918 0.1617838 -0.972127 -0.6790013 -0.3373221 -0.6520515 -0.6822441 -0.3359562 -0.6493662 -0.6828001 -0.3355744 -0.6489791 -0.6874676 -0.7062782 0.1689951 -0.6833645 -0.7101957 0.1692193 -0.6542952 -0.7327642 0.1869612 0.07406049 -0.3468546 0.9349904 0.07376754 -0.3458968 0.9353683 0.05674463 -0.3421102 0.937945 0.6737256 0.366434 0.641732 0.6733264 0.366832 0.6419237 0.6667989 0.3685367 0.6477345 0.5939984 0.7632271 -0.2542645 0.5936458 0.7617528 -0.2594559 0.6155452 0.7435219 -0.2613033 -0.01516312 0.4110182 -0.9115011 -0.03696829 0.4195524 -0.9069781 -0.04223322 0.4203569 -0.9063755 -0.8276651 -0.1032696 -0.5516393 -0.8277041 -0.09963697 -0.5522485 -0.8193448 -0.07554382 -0.5683022 -0.889997 -0.1919054 0.4136155 -0.8894774 -0.1854286 0.4176677 -0.9113854 -0.1307665 0.3902267 -0.1743887 -0.0907011 0.9804907 -0.1761804 -0.0975852 0.9795088 -0.1763128 -0.09840124 0.9794034 0.8062 0.06041991 0.5885502 0.8181305 0.09516012 0.5671041 0.8168607 0.1008174 0.5679565 0.9007436 0.2009002 -0.3850977 0.8999915 0.202972 -0.3857693 0.8999078 0.2170379 -0.3782334 0.1835413 0.07885003 -0.9798446 0.1765787 0.0905897 -0.980109 0.175062 0.09238761 -0.9802132 -0.8189348 0.2036101 -0.5365527 -0.8191246 0.2075799 -0.5347387 -0.8011754 0.2365331 -0.5497 -0.9589214 0.07740855 0.2729061 -0.9478476 0.1277367 0.2920076 -0.9444245 0.1317873 0.3011552 -0.1005258 0.05842649 0.9932175 -0.1509414 0.005266904 0.9885287 -0.1476995 -0.002449393 0.9890294 0.8305543 -0.1399312 0.5390723 0.8308271 -0.1390925 0.5388688 0.8290171 -0.1277345 0.5444396 0.9274361 -0.1790704 -0.328323 0.9292752 -0.1529598 -0.3362305 0.9286877 -0.1502818 -0.3390495 0.2380113 0.026519 -0.9709004 0.2347934 0.02177256 -0.9718014 0.1925212 -0.007202684 -0.9812664 -0.7316769 -0.1092004 -0.6728479 -0.7234582 -0.1190683 -0.6800228 -0.7454838 -0.2282251 -0.6262326 -0.9425456 -0.117322 0.3127993 -0.9434078 -0.1402649 0.3005121 -0.9426253 -0.1429198 0.3017147 -0.1640911 0.006372332 0.9864247 -0.1605927 0.01455897 0.9869134 -0.2144802 0.07059597 0.9741737 0.7376675 0.1946821 0.6464872 0.7503422 0.1347922 0.6471614 0.7458627 0.1308861 0.6531139 0.9348499 0.2196508 -0.278943 0.9563657 0.1652449 -0.2409541 0.9564625 0.1592389 -0.2445866 0.04268121 0.01495456 -0.9989768 0.03978997 0.01639574 -0.9990736 0.05623143 0.05230164 -0.997047 0.1916351 0.1187881 -0.9742512 0.1908156 0.1184143 -0.9744575 0.1901311 0.11838 -0.9745956 -0.4564193 -0.8680222 -0.1954969 -0.4561536 -0.868218 -0.1952473 -0.4559428 -0.8684527 -0.1946948 -0.2548044 -0.08300542 0.9634235 -0.2548969 -0.08301019 0.9633986 -0.2550238 -0.08306759 0.9633602 0.387051 0.9041313 0.1809365 0.3872057 0.9039894 0.1813148 0.3874427 0.9038454 0.1815257 0.2243605 0.2394533 -0.9446293 0.2337521 0.2425394 -0.9415596 0.2376035 0.2414264 -0.9408814 -0.4453536 -0.8301425 -0.3354454 -0.4460939 -0.8295776 -0.335859 -0.4476994 -0.8275861 -0.3386246 -0.2814393 -0.2373417 0.9297639 -0.283188 -0.2319335 0.9305974 -0.2956023 -0.2250445 0.9284257 0.4026641 0.8615072 0.3093006 0.4078443 0.8548018 0.3209001 0.4122948 0.851816 0.3231446 -0.09205943 0.6055343 -0.7904766 -0.1065334 0.6086499 -0.7862545 -0.1196281 0.6618958 -0.7399886 -0.825573 -0.4977535 -0.26584 -0.8353041 -0.4841948 -0.260428 -0.8364081 -0.4833677 -0.258413 0.1902006 -0.614011 0.7660381 0.1494785 -0.5990841 0.7866094 0.1516758 -0.5890962 0.7937003 0.8452355 0.4502111 0.2879013 0.8454172 0.4499699 0.2877448 0.8478692 0.4465427 0.2858625 -0.7288488 0.6619639 -0.1748808 -0.7287366 0.6623469 -0.1738953 -0.7284505 0.6628221 -0.1732825 -0.3086223 -0.09307259 0.9466202 -0.3087759 -0.09306567 0.9465708 -0.3088869 -0.09311425 0.9465299 0.7756814 -0.6001083 0.1954184 0.7757855 -0.5998887 0.19568 0.7758255 -0.599677 0.1961691 0.3596362 0.1567348 -0.9198348 0.3589574 0.1564621 -0.9201463 0.3578584 0.1565419 -0.9205607 -0.2162092 0.9590341 -0.18305 -0.2070481 0.9614635 -0.1808842 -0.2061838 0.9618334 -0.1799024 -0.5899709 -0.002538979 0.8074206 -0.5901722 -0.002722144 0.8072729 -0.5904698 -0.00357908 0.8070518 0.237048 -0.9564076 0.1705659 0.2407515 -0.9554558 0.1707134 0.2422677 -0.9550098 0.1710636 0.6007882 0.01769793 -0.7992124 0.6015948 0.01771187 -0.7986052 0.605687 0.01542991 -0.7955533 -0.3591686 0.8700991 -0.3375286 -0.3490431 0.8749369 -0.3356401 -0.3475569 0.876136 -0.3340508 -0.6927385 -0.02228355 0.7208446 -0.6888387 -0.02216315 0.7245758 -0.6866089 -0.02172505 0.7267023 0.4074932 -0.8532516 0.3254399 0.4103181 -0.8510873 0.3275508 0.4084949 -0.840916 0.3549539 0.6631653 0.09996455 -0.7417674 0.6679656 0.1029859 -0.7370318 0.6884357 0.09506851 -0.7190397 -0.778405 0.4233436 -0.4635362 -0.7679106 0.4345929 -0.4705767 -0.7355793 0.4561259 -0.5008715 -0.5029402 0.2407373 0.8301185 -0.461245 0.2834823 0.840768 -0.4619675 0.2969541 0.8357059 0.695727 -0.4511646 0.5589405 0.7248042 -0.4374999 0.5322148 0.7305673 -0.428976 0.5312729 0.4416532 -0.3097337 -0.8420258 0.4354701 -0.285371 -0.8537736 0.4385196 -0.2777673 -0.8547198 -0.8641384 0.04899269 -0.5008639 -0.8689395 0.03943055 -0.4933453 -0.893171 0.01357597 -0.4495124 -0.4328001 0.28237 0.8561258 -0.4277805 0.2894974 0.8562682 -0.4262109 0.2919966 0.8562022 0.9027084 -0.0559048 0.4266057 0.9026102 -0.05398213 0.4270606 0.9066825 -0.04065102 0.4198505 0.3973725 -0.3114381 -0.8631927 0.3941095 -0.2903779 -0.8719854 0.397072 -0.2865309 -0.871914 -0.9284433 -0.07024627 -0.364772 -0.9284684 -0.07132887 -0.3644979 -0.9296735 -0.07476842 -0.3607172 -0.422674 0.002812743 0.9062775 -0.4147233 0.01851516 0.9097592 -0.4132979 0.02247589 0.9103185 0.9530475 0.1068555 0.2833417 0.9531866 0.1064825 0.2830139 0.9533814 0.09684574 0.2858057 0.4226278 0.03291767 -0.9057055 0.443107 0.01551622 -0.8963345 0.4441528 0.009059786 -0.8959053 -0.9411826 0.2427276 -0.2350721 -0.9411455 0.244372 -0.2335112 -0.9411396 0.2446056 -0.2332907 -0.3187557 -0.810325 0.4916994 -0.3193077 -0.8178018 0.4787932 -0.3161197 -0.8205083 0.4762714 0.9411822 -0.2268092 0.2504671 0.9413046 -0.2257692 0.2509461 0.9413068 -0.2254402 0.2512334 0.3229779 0.8329845 -0.4492464 0.3230873 0.8331977 -0.4487721 0.3243268 0.8338034 -0.4467484 -0.9196559 0.1935327 -0.341728 -0.9198362 0.1941682 -0.3408812 -0.919871 0.194235 -0.3407493 -0.2584817 -0.9418722 0.2146252 -0.2646366 -0.9427271 0.2030597 -0.2642266 -0.9437493 0.1988012 0.9118611 -0.1726348 0.3724334 0.9111427 -0.1725208 0.3742401 0.9069328 -0.1768699 0.3823478 0.2225508 0.9588366 -0.1763625 0.2224298 0.9591991 -0.1745343 0.2254004 0.9597741 -0.167417 -0.7506503 -0.01014244 -0.660622 -0.7313041 -0.00533235 -0.6820308 -0.7259154 -0.01011526 -0.6877097 -0.4266669 -0.7653866 0.4818078 -0.4261391 -0.7658817 0.481488 -0.4235086 -0.7706928 0.4761022 0.6897089 0.009999513 0.7240177 0.693659 0.008096992 0.7202581 0.7109048 0.01171422 0.7031908 0.3776247 0.8129999 -0.4432054 0.3888887 0.8039571 -0.4499098 0.3887937 0.8015947 -0.4541866 -0.7550826 -8.44501e-4 -0.6556292 -0.7550299 -3.49316e-4 -0.6556904 -0.754018 0.001206338 -0.6568527 -0.6992474 -0.03505516 0.7140197 -0.69646 -0.04825967 0.7159711 -0.696895 -0.04944753 0.7154666 0.740075 0.02445983 0.6720795 0.7382562 0.01933157 0.6742435 0.7379919 0.01776242 0.6745758 0.6844412 0.0309357 -0.7284116 0.6825329 0.03480714 -0.7300257 0.6845437 0.05191677 -0.7271207 -0.7145637 -0.2171717 -0.6650077 -0.7147495 -0.2149348 -0.6655346 -0.724689 -0.1996452 -0.6595209 -0.6281256 -0.361584 0.6889958 -0.6280164 -0.3571584 0.6913996 -0.6282954 -0.3556399 0.6919287 0.6683309 0.2390857 0.7043948 0.6743237 0.2318331 0.7010999 0.7076264 0.2138448 0.6734504 0.6770063 0.3644732 -0.6393917 0.6652993 0.3759767 -0.644995 0.6625622 0.3794902 -0.6457543 0.9846976 0.09274435 0.147544 0.9846705 0.09266829 0.1477723 0.9846488 0.09225654 0.1481737 0.08402574 -0.9946829 0.05954712 0.08429479 -0.9946414 0.05985885 0.08434498 -0.9946246 0.06006675 -0.9704627 -0.09889692 -0.2200491 -0.9704284 -0.09870523 -0.2202863 -0.970405 -0.09865987 -0.2204098 -0.07265716 0.988141 -0.1352717 -0.07253122 0.9882327 -0.1346681 -0.07156604 0.9884601 -0.1335105 0.9679597 0.1035838 0.2287459 0.9681435 0.1038068 0.2278648 0.9681826 0.1038949 0.2276581 0.07894462 -0.9873159 0.1377499 0.07653295 -0.9870703 0.1408371 0.06799185 -0.9870958 0.1449792 -0.9600533 -0.1163961 -0.2544597 -0.9591986 -0.1138551 -0.2587954 -0.9586074 -0.1131382 -0.2612884 -0.04695248 0.9817421 -0.1843314 -0.04707026 0.9815313 -0.1854209 -0.04896736 0.9807785 -0.1888805 0.9914858 -0.06530731 0.1126546 0.9812171 -0.003305971 0.1928789 0.9746464 -0.01827704 0.2230033 -0.05117756 -0.9371899 0.3450449 -0.02780747 -0.9274361 0.3729463 -0.02893781 -0.9215341 0.3872178 -0.9710415 -0.1234689 -0.2045338 -0.9724709 -0.1190272 -0.2003322 -0.9756456 -0.1005302 -0.1949599 0.04338973 0.8932811 -0.4473996 0.04322898 0.8933649 -0.4472478 0.04262202 0.8938119 -0.4464122 0.846282 0.06130272 0.5291965 0.8432473 0.05980587 0.5341884 0.8299047 0.07664668 0.5526151 -0.02604049 -0.9963034 0.08186161 0.002794802 -0.9864625 0.1639629 -0.01175743 -0.9831055 0.1826616 -0.8369323 -0.0896247 -0.5399183 -0.8392633 -0.0874617 -0.5366446 -0.8460884 -0.07090491 -0.5283058 0.007417082 0.9824571 -0.1863415 0.05148494 0.9799874 -0.1922864 0.05913609 0.9775782 -0.2020988 0.5988914 0.1000695 0.7945534 0.617477 0.09304338 0.7810667 0.6262863 0.08741676 0.7746766 0.09202045 -0.9891809 -0.114251 0.0960412 -0.9887974 -0.1142617 0.1061121 -0.98536 -0.1334385 -0.56266 0.114721 -0.8186897 -0.5965591 0.05359113 -0.800778 -0.6104929 0.0518493 -0.7903228 -0.1425732 0.9894601 -0.02533257 -0.1483636 0.9889163 -0.005738854 -0.1567329 0.9838809 0.08609986 0.03183746 -0.1592448 0.9867256 0.08238166 -0.1753942 0.9810455 0.09390372 -0.1802747 0.9791237 0.2292255 -0.9668419 -0.112573 0.2214465 -0.9690166 -0.1094003 0.1700797 -0.9742407 -0.1480816 -0.0426135 0.07710152 -0.9961122 -0.09401988 0.03521394 -0.9949474 -0.1046572 0.03999835 -0.9937038 -0.1823252 0.9600173 0.212425 -0.1844038 0.9594516 0.2131851 -0.1908833 0.9562067 0.2218834 -0.7472782 0.08413749 -0.6591633 -0.7470464 0.0849415 -0.6593229 -0.7450211 0.08801144 -0.6612092 -0.9161531 0.09503453 0.3893997 -0.9155812 0.08958315 0.3920281 -0.9099961 0.07409024 0.4079435 -0.2146232 0.1020137 0.9713548 -0.2134754 0.1034852 0.9714521 -0.2132183 0.1040391 0.9714493 0.8202448 0.06590461 0.5682033 0.8198382 0.06917029 0.5684021 0.8132727 0.08095389 0.576224 0.9171463 0.1397541 -0.3732445 0.9333587 0.1117407 -0.3411095 0.9355735 0.09408259 -0.3403685 0.1369634 0.03829628 -0.9898356 0.127962 0.05206376 -0.9904116 0.1248974 0.05761939 -0.9904952 -0.2062447 0.5916188 -0.7793911 -0.2320114 0.5961208 -0.7686421 -0.2373924 0.6190224 -0.7486361 0.008055984 0.990284 -0.1388263 0.04863321 0.9957126 -0.07868474 0.09954398 0.9916977 -0.08140528 0.4427371 0.6300166 0.6380148 0.4763374 0.5982915 0.6443213 0.5248118 0.6030212 0.6007813 0.866334 -0.1286205 0.4826202 0.8181055 -0.1843515 0.5447182 0.8231937 -0.239909 0.5145832 0.3811205 -0.915663 -0.1277057 0.3839877 -0.9155726 -0.1195007 0.4037032 -0.9085196 -0.1077784 -0.08542382 -0.3851512 -0.9188914 -0.08679479 -0.3970724 -0.9136739 -0.08194416 -0.4021989 -0.9118779 -0.8226188 -0.1192346 -0.5559509 -0.7922171 -0.1766169 -0.5841223 -0.8083043 -0.2202525 -0.5460157 -0.616573 -0.7791533 0.1129509 -0.5628926 -0.8009516 0.2040307 -0.5773046 -0.7813735 0.2370123 0.00199455 -0.2147017 0.9766777 -0.04068005 -0.2048783 0.9779418 -0.08744317 -0.2112416 0.9735147 0.1348158 0.620709 0.7723633 0.1959447 0.6144359 0.7642475 0.2171198 0.6502135 0.7280669 0.1932283 0.9811038 -0.009907364 0.1829153 0.9829685 -0.01774489 0.1669024 0.9856983 -0.02329117 -0.2758149 0.5505648 -0.7879115 -0.2803589 0.5469768 -0.7888062 -0.2865902 0.5477296 -0.7860397 -0.7898384 0.559475 -0.2512827 -0.7929805 0.5574644 -0.2457954 -0.7996035 0.5498521 -0.2414478 -0.1355366 -0.2871059 0.9482616 -0.1515229 -0.2457401 0.9574198 -0.1612057 -0.2068596 0.9649984 0.7277018 -0.6214066 0.2903516 0.7346556 -0.6218025 0.2713723 0.7236543 -0.63901 0.2607504 0.2973527 0.0921666 -0.9503087 0.2965031 0.09554022 -0.950241 0.2957944 0.09748369 -0.9502645 -0.3586766 0.880645 -0.3095408 -0.3316065 0.9097111 -0.2499261 -0.2899649 0.9252615 -0.2445639 -0.1987069 0.1736978 0.9645438 -0.2097538 0.1772566 0.9615526 -0.2166856 0.185709 0.9584151 0.4332588 -0.8686307 0.2403491 0.4336295 -0.8682925 0.2409018 0.4338406 -0.8681037 0.2412018 0.2882293 -0.1044384 -0.9518491 0.2913773 -0.07355469 -0.9537762 0.3553053 -0.05329519 -0.9332298 -0.9660886 0.1476088 -0.2118597 -0.965745 0.1519981 -0.210317 -0.9575832 0.179827 -0.2251596 -0.3502576 -0.01641601 0.9365096 -0.376012 -0.05346167 0.9250712 -0.3730461 -0.06043428 0.9258425 0.924817 -0.1342899 0.355921 0.9254159 -0.1320543 0.3552002 0.9238996 -0.1193036 0.3635604 0.374659 0.1492401 -0.9150727 0.396333 0.09126675 -0.9135593 0.3902841 0.08391445 -0.9168625 -0.9221097 0.1432344 -0.3594409 -0.9218295 0.1421952 -0.3605705 -0.9220033 0.14149 -0.3604034 -0.3831879 -0.6946443 0.6087992 -0.3862854 -0.6984233 0.6024854 -0.3924123 -0.7000493 0.5966101 0.9137292 -0.05941128 0.4019567 0.9095977 -0.06417173 0.4105048 0.9052103 -0.0635482 0.4201858 0.3330734 0.8102995 -0.4821587 0.2897503 0.8228881 -0.488774 0.2698746 0.8709863 -0.4105493 -0.7696037 -0.1992627 -0.6066338 -0.7699325 -0.1987689 -0.6063786 -0.7699292 -0.1951019 -0.6075724 -0.6597945 -0.3656296 0.6564955 -0.6167428 -0.2570715 0.7440044 -0.6300984 -0.2346103 0.7402257 0.7521336 0.2263089 0.618934 0.7521451 0.2261886 0.618964 0.7527029 0.2241081 0.6190429 0.6882759 0.1377101 -0.7122585 0.6253308 0.1829182 -0.7586187 0.6232911 0.1971806 -0.756722 0.2263689 0.6243447 0.7476302 0.3359394 0.7347351 0.5893295 0.01713293 0.8249503 0.5649456 -0.6636077 0.7353464 0.1374436 -0.6636387 0.7357723 0.1349925 -0.6660087 0.734492 0.1302083 -0.328395 -0.0798732 0.9411574 -0.3232096 -0.1161866 0.9391679 -0.3229181 -0.1233409 0.9383555 -0.769676 -0.5791715 -0.2686249 -0.7704584 -0.5781484 -0.2685858 -0.774663 -0.56859 -0.276772 0.7256679 0.5941294 0.3470107 0.7258617 0.5939016 0.3469952 0.7297542 0.5908943 0.3439518 0.3043906 0.1739203 -0.9365352 0.3005015 0.1758137 -0.9374372 0.2929428 0.1955059 -0.9359284 -0.3439292 -0.0342375 0.9383713 -0.3446151 -0.03390616 0.9381315 -0.3446781 -0.03388994 0.938109 -0.53393 -0.8155674 -0.2230892 -0.5374323 -0.8135639 -0.2219918 -0.5492835 -0.8028939 -0.2316232 0.5083631 0.8419848 0.1806344 0.5087915 0.8417778 0.1803925 0.5129581 0.8385351 0.1836657 0.3269808 0.0660535 -0.9427198 0.3224179 0.07202458 -0.9438534 0.3219056 0.07172405 -0.9440512</float_array>
          <technique_common>
            <accessor source="#Tree_lp_11_001-mesh-normals-array" count="1253" stride="3">
              <param name="X" type="float"/>
              <param name="Y" type="float"/>
              <param name="Z" type="float"/>
            </accessor>
          </technique_common>
        </source>
        <source id="Tree_lp_11_001-mesh-map-0">
          <float_array id="Tree_lp_11_001-mesh-map-0-array" count="3000">0.175435 0.1635659 0.202202 0.288261 0.150245 0.289632 0.25416 0.285937 0.227393 0.1635659 0.279351 0.1635659 0.331308 0.1635659 0.25416 0.285937 0.279351 0.1635659 0.383266 0.1635659 0.306118 0.289632 0.331308 0.1635659 0.383266 0.1635659 0.410033 0.285937 0.358075 0.288261 0.487181 0.1635659 0.410033 0.285937 0.435223 0.1635659 0.202202 0.288261 0.1208299 0.437733 0.150245 0.289632 0.224745 0.434466 0.202202 0.288261 0.25416 0.285937 0.276703 0.437733 0.25416 0.285937 0.306118 0.289632 0.306118 0.289632 0.32866 0.435765 0.276703 0.437733 0.358075 0.288261 0.380618 0.434466 0.32866 0.435765 0.46199 0.289632 0.380618 0.434466 0.410033 0.285937 0.144204 0.574706 0.1208299 0.437733 0.172788 0.435765 0.224745 0.434466 0.144204 0.574706 0.172788 0.435765 0.276703 0.437733 0.196162 0.579905 0.224745 0.434466 0.32866 0.435765 0.24812 0.576682 0.276703 0.437733 0.380618 0.434466 0.300077 0.574706 0.32866 0.435765 0.380618 0.434466 0.403993 0.576682 0.352035 0.579905 0.11652 0.717314 0.09224677 0.576682 0.144204 0.574706 0.196162 0.579905 0.11652 0.717314 0.144204 0.574706 0.220436 0.714772 0.196162 0.579905 0.24812 0.576682 0.272393 0.717314 0.24812 0.576682 0.300077 0.574706 0.300077 0.574706 0.324351 0.716962 0.272393 0.717314 0.352035 0.579905 0.376309 0.714772 0.324351 0.716962 0.06456285 0.714772 0.08749216 0.86143 0.03553456 0.86116 0.13945 0.865035 0.11652 0.717314 0.168478 0.716962 0.191408 0.86116 0.168478 0.716962 0.220436 0.714772 0.272393 0.717314 0.191408 0.86116 0.220436 0.714772 0.324351 0.716962 0.243365 0.86143 0.272393 0.717314 0.376309 0.714772 0.295323 0.865035 0.324351 0.716962 0.08749216 0.86143 0.00999999 0.99 0.03553456 0.86116 0.13945 0.865035 0.06195759 0.988661 0.08749216 0.86143 0.13945 0.865035 0.165873 0.99 0.113915 0.98979 0.191408 0.86116 0.217831 0.988661 0.165873 0.99 0.269788 0.98979 0.243365 0.86143 0.295323 0.865035 0.321746 0.99 0.295323 0.865035 0.34728 0.86116 0.227375 0.163655 0.149675 0.290455 0.175418 0.163655 0.227375 0.163655 0.25359 0.288954 0.201632 0.292434 0.279333 0.163655 0.305548 0.290455 0.25359 0.288954 0.33129 0.163655 0.357505 0.292434 0.305548 0.290455 0.409463 0.288954 0.383248 0.163655 0.435206 0.163655 0.487163 0.163655 0.409463 0.288954 0.435206 0.163655 0.173259 0.433 0.149675 0.290455 0.201632 0.292434 0.225217 0.432648 0.201632 0.292434 0.25359 0.288954 0.225217 0.432648 0.305548 0.290455 0.277175 0.437702 0.277175 0.437702 0.357505 0.292434 0.329132 0.433 0.38109 0.432648 0.357505 0.292434 0.409463 0.288954 0.461421 0.290455 0.38109 0.432648 0.409463 0.288954 0.1443679 0.572834 0.121302 0.437702 0.173259 0.433 0.225217 0.432648 0.1443679 0.572834 0.173259 0.433 0.277175 0.437702 0.196326 0.579962 0.225217 0.432648 0.277175 0.437702 0.300241 0.572834 0.248283 0.57602 0.38109 0.432648 0.300241 0.572834 0.329132 0.433 0.38109 0.432648 0.404156 0.57602 0.352199 0.579962 0.0924105 0.57602 0.117582 0.713252 0.06562465 0.709654 0.196326 0.579962 0.117582 0.713252 0.1443679 0.572834 0.221498 0.709654 0.196326 0.579962 0.248283 0.57602 0.221498 0.709654 0.300241 0.572834 0.273455 0.713252 0.352199 0.579962 0.273455 0.713252 0.300241 0.572834 0.352199 0.579962 0.37737 0.709654 0.325413 0.711774 0.52166 0.295987 0.472124 0.333762 0.464568 0.295987 0.52166 0.295987 0.586307 0.333762 0.529215 0.333762 0.578752 0.295987 0.643398 0.333762 0.586307 0.333762 0.692935 0.295987 0.643398 0.333762 0.635843 0.295987 0.560793 0.489959 0.512411 0.531188 0.503702 0.48994 0.560793 0.489959 0.626594 0.531188 0.569502 0.534311 0.683685 0.534311 0.617885 0.48994 0.674977 0.489959 0.732068 0.48994 0.683685 0.534311 0.674977 0.489959 0.578416 0.577857 0.512411 0.531188 0.569502 0.534311 0.626594 0.531188 0.578416 0.577857 0.569502 0.534311 0.683685 0.534311 0.635508 0.576322 0.626594 0.531188 0.749691 0.576322 0.683685 0.534311 0.740777 0.531188 0.452228 0.586489 0.412457 0.619443 0.405866 0.586489 0.498591 0.586489 0.458819 0.619443 0.452228 0.586489 0.498591 0.586489 0.551544 0.619443 0.505182 0.619443 0.544953 0.586489 0.597907 0.619443 0.551544 0.619443 0.472169 0.68619 0.435897 0.733184 0.425806 0.68619 0.472169 0.68619 0.528622 0.733184 0.48226 0.736613 0.564894 0.68619 0.528622 0.733184 0.518531 0.68619 0.564894 0.68619 0.621347 0.733184 0.574985 0.736613 0.48226 0.736613 0.444596 0.779163 0.435897 0.733184 0.528622 0.733184 0.490959 0.777583 0.48226 0.736613 0.528622 0.733184 0.583684 0.777583 0.537321 0.779163 0.574985 0.736613 0.630046 0.779163 0.583684 0.777583 0.500113 0.824583 0.444596 0.779163 0.490959 0.777583 0.500113 0.824583 0.537321 0.779163 0.546476 0.823776 0.546476 0.823776 0.583684 0.777583 0.592838 0.824583 0.592838 0.824583 0.630046 0.779163 0.639201 0.823776 0.453751 0.823776 0.510271 0.875009 0.463908 0.879329 0.546476 0.823776 0.510271 0.875009 0.500113 0.824583 0.546476 0.823776 0.602996 0.875009 0.556633 0.879329 0.602996 0.875009 0.639201 0.823776 0.649358 0.879329 0.463908 0.879329 0.520698 0.924894 0.474336 0.930396 0.556633 0.879329 0.520698 0.924894 0.510271 0.875009 0.613423 0.924894 0.556633 0.879329 0.602996 0.875009 0.649358 0.879329 0.613423 0.924894 0.602996 0.875009 0.471845 0.684572 0.435777 0.733512 0.425483 0.684572 0.518207 0.684572 0.482139 0.735481 0.471845 0.684572 0.56457 0.684572 0.528502 0.733512 0.518207 0.684572 0.56457 0.684572 0.621227 0.733512 0.574864 0.735481 0.482139 0.735481 0.444741 0.779574 0.435777 0.733512 0.528502 0.733512 0.491103 0.778269 0.482139 0.735481 0.528502 0.733512 0.583828 0.778269 0.537466 0.779574 0.574864 0.735481 0.630191 0.779574 0.583828 0.778269 0.491103 0.778269 0.453852 0.824765 0.444741 0.779574 0.546577 0.824765 0.491103 0.778269 0.537466 0.779574 0.537466 0.779574 0.59294 0.824696 0.546577 0.824765 0.630191 0.779574 0.59294 0.824696 0.583828 0.778269 0.510036 0.874687 0.453852 0.824765 0.500215 0.824696 0.510036 0.874687 0.546577 0.824765 0.556398 0.876745 0.556398 0.876745 0.59294 0.824696 0.602761 0.874687 0.649123 0.876745 0.59294 0.824696 0.639302 0.824765 0.463673 0.876745 0.520388 0.922535 0.474026 0.929901 0.556398 0.876745 0.520388 0.922535 0.510036 0.874687 0.556398 0.876745 0.613113 0.922535 0.566751 0.929901 0.649123 0.876745 0.613113 0.922535 0.602761 0.874687 0.521713 0.02354669 0.565551 0.06359946 0.513703 0.06359946 0.62541 0.02354669 0.565551 0.06359946 0.573561 0.02354669 0.677258 0.02354669 0.617399 0.06359946 0.62541 0.02354669 0.677258 0.02354669 0.721096 0.06359946 0.669248 0.06359946 0.565551 0.06359946 0.505604 0.101224 0.513703 0.06359946 0.565551 0.06359946 0.609301 0.101224 0.557452 0.103931 0.669248 0.06359946 0.609301 0.101224 0.617399 0.06359946 0.669248 0.06359946 0.712997 0.101224 0.661149 0.103931 0.557452 0.103931 0.497455 0.144623 0.505604 0.101224 0.609301 0.101224 0.549303 0.138767 0.557452 0.103931 0.609301 0.101224 0.6530001 0.138767 0.601152 0.144623 0.704849 0.144623 0.661149 0.103931 0.712997 0.101224 0.540382 0.187948 0.497455 0.144623 0.549303 0.138767 0.601152 0.144623 0.540382 0.187948 0.549303 0.138767 0.601152 0.144623 0.644079 0.187948 0.59223 0.189567 0.644079 0.187948 0.704849 0.144623 0.695927 0.189567 0.540382 0.187948 0.479241 0.2308959 0.488534 0.189567 0.540382 0.187948 0.582938 0.2308959 0.53109 0.23891 0.644079 0.187948 0.582938 0.2308959 0.59223 0.189567 0.644079 0.187948 0.686635 0.2308959 0.634786 0.23891 0.53109 0.23891 0.469084 0.283809 0.479241 0.2308959 0.572781 0.283809 0.53109 0.23891 0.582938 0.2308959 0.634786 0.23891 0.572781 0.283809 0.582938 0.2308959 0.634786 0.23891 0.676477 0.283809 0.624629 0.28951 0.206149 0.00999999 0.241328 0.102556 0.187637 0.102556 0.258644 0.00999999 0.289964 0.102556 0.241328 0.102556 0.361159 0.00999999 0.289964 0.102556 0.310384 0.00999999 0.361159 0.00999999 0.396386 0.102556 0.342201 0.102556 0.465546 0.00999999 0.396386 0.102556 0.41297 0.00999999 0.517894 0.00999999 0.445489 0.102556 0.465546 0.00999999 0.234079 0.1301349 0.175435 0.1635659 0.187637 0.102556 0.279351 0.1635659 0.234079 0.1301349 0.287171 0.124463 0.331308 0.1635659 0.287171 0.124463 0.342201 0.102556 0.396386 0.102556 0.331308 0.1635659 0.342201 0.102556 0.445489 0.102556 0.383266 0.1635659 0.396386 0.102556 0.487181 0.1635659 0.445489 0.102556 0.499383 0.102556 0.241328 0.102556 0.175418 0.163655 0.187637 0.102556 0.279333 0.163655 0.241328 0.102556 0.289964 0.102556 0.33129 0.163655 0.289964 0.102556 0.342201 0.102556 0.3907 0.126395 0.33129 0.163655 0.342201 0.102556 0.442621 0.126578 0.383248 0.163655 0.3907 0.126395 0.487163 0.163655 0.442621 0.126578 0.499383 0.102556 0.417192 0.642528 0.458819 0.619443 0.465536 0.643919 0.511448 0.642381 0.458819 0.619443 0.505182 0.619443 0.511448 0.642381 0.551544 0.619443 0.554412 0.643808 0.551544 0.619443 0.602642 0.642528 0.554412 0.643808 0.425806 0.68619 0.467727 0.663983 0.472169 0.68619 0.518531 0.68619 0.467727 0.663983 0.511448 0.642381 0.554412 0.643808 0.518531 0.68619 0.511448 0.642381 0.611256 0.68619 0.554412 0.643808 0.602642 0.642528 0.474336 0.930396 0.531276 0.982187 0.484913 0.986216 0.567061 0.930396 0.531276 0.982187 0.520698 0.924894 0.624001 0.985614 0.567061 0.930396 0.613423 0.924894 0.659786 0.930396 0.624001 0.985614 0.613423 0.924894 0.465536 0.643919 0.425483 0.684572 0.417192 0.642528 0.518207 0.684572 0.465536 0.643919 0.511448 0.642381 0.560168 0.662561 0.518207 0.684572 0.511448 0.642381 0.610932 0.684572 0.560168 0.662561 0.602642 0.642528 0.530881 0.979097 0.474026 0.929901 0.520388 0.922535 0.530881 0.979097 0.566751 0.929901 0.577243 0.982917 0.623606 0.984496 0.566751 0.929901 0.613113 0.922535 0.623606 0.984496 0.659476 0.929901 0.669968 0.983842 0.170651 0.08143889 0.170651 0.0622766 0.189813 0.0622766 0.151488 0.0622766 0.170651 0.0431143 0.189813 0.0622766 0.151488 0.0622766 0.189813 0.0622766 0.170651 0.0622766 0.16654 0.01740676 0.181276 0.02473568 0.173947 0.03947144 0.188605 0.00999999 0.196012 0.03206467 0.173947 0.03947144 0.188605 0.00999999 0.173947 0.03947144 0.181276 0.02473568 0.617885 0.48994 0.65883 0.412179 0.674977 0.489959 0.544646 0.412179 0.617885 0.48994 0.560793 0.489959 0.732068 0.48994 0.65883 0.412179 0.715921 0.408093 0.560793 0.489959 0.487555 0.408093 0.544646 0.412179 0.643398 0.333762 0.601738 0.408093 0.586307 0.333762 0.601738 0.408093 0.529215 0.333762 0.586307 0.333762 0.715921 0.408093 0.643398 0.333762 0.70049 0.333762 0.529215 0.333762 0.487555 0.408093 0.472124 0.333762 0.08842259 0.846225 0.00999999 0.846225 0.04921138 0.99 0.166845 0.846225 0.08842259 0.846225 0.127634 0.99 0.245268 0.846225 0.166845 0.846225 0.206057 0.99 0.323691 0.846225 0.245268 0.846225 0.28448 0.99 0.402114 0.846225 0.323691 0.846225 0.362902 0.99 0.04921138 0.70245 0.127634 0.70245 0.08842259 0.558675 0.127634 0.70245 0.206057 0.70245 0.166845 0.558675 0.206057 0.70245 0.28448 0.70245 0.245268 0.558675 0.28448 0.70245 0.362902 0.70245 0.323691 0.558675 0.362902 0.70245 0.441325 0.70245 0.402114 0.558675 0.08842259 0.846225 0.04921138 0.70245 0.00999999 0.846225 0.166845 0.846225 0.127634 0.70245 0.08842259 0.846225 0.245268 0.846225 0.206057 0.70245 0.166845 0.846225 0.323691 0.846225 0.28448 0.70245 0.245268 0.846225 0.402114 0.846225 0.362902 0.70245 0.323691 0.846225 0.04921138 0.70245 0.08842259 0.846225 0.127634 0.70245 0.127634 0.70245 0.166845 0.846225 0.206057 0.70245 0.206057 0.70245 0.245268 0.846225 0.28448 0.70245 0.28448 0.70245 0.323691 0.846225 0.362902 0.70245 0.362902 0.70245 0.402114 0.846225 0.441325 0.70245 0.109188 0.373689 0.05959385 0.555533 0.00999999 0.373689 0.208375 0.373689 0.158782 0.555533 0.109188 0.373689 0.307564 0.373689 0.257969 0.555533 0.208375 0.373689 0.406751 0.373689 0.357157 0.555533 0.307564 0.373689 0.505939 0.373689 0.456345 0.555533 0.406751 0.373689 0.05959385 0.191844 0.109188 0.00999999 0.158782 0.191844 0.158782 0.191844 0.208375 0.00999999 0.257969 0.191844 0.257969 0.191844 0.307564 0.00999999 0.357157 0.191844 0.357157 0.191844 0.406751 0.00999999 0.456345 0.191844 0.456345 0.191844 0.505939 0.00999999 0.555533 0.191844 0.109188 0.373689 0.00999999 0.373689 0.05959385 0.191844 0.208375 0.373689 0.109188 0.373689 0.158782 0.191844 0.307564 0.373689 0.208375 0.373689 0.257969 0.191844 0.406751 0.373689 0.307564 0.373689 0.357157 0.191844 0.505939 0.373689 0.406751 0.373689 0.456345 0.191844 0.05959385 0.191844 0.158782 0.191844 0.109188 0.373689 0.158782 0.191844 0.257969 0.191844 0.208375 0.373689 0.257969 0.191844 0.357157 0.191844 0.307564 0.373689 0.357157 0.191844 0.456345 0.191844 0.406751 0.373689 0.456345 0.191844 0.555533 0.191844 0.505939 0.373689 0.464198 0.872173 0.400837 0.872173 0.432518 0.988334 0.527559 0.872173 0.464198 0.872173 0.495878 0.988334 0.59092 0.872173 0.527559 0.872173 0.559239 0.988334 0.654281 0.872173 0.59092 0.872173 0.622601 0.988334 0.717642 0.872173 0.654281 0.872173 0.685962 0.988334 0.432518 0.756011 0.495878 0.756011 0.464198 0.639849 0.495878 0.756011 0.559239 0.756011 0.527559 0.639849 0.559239 0.756011 0.622601 0.756011 0.59092 0.639849 0.622601 0.756011 0.685962 0.756011 0.654281 0.639849 0.685962 0.756011 0.749323 0.756011 0.717642 0.639849 0.464198 0.872173 0.432518 0.756011 0.400837 0.872173 0.527559 0.872173 0.495878 0.756011 0.464198 0.872173 0.59092 0.872173 0.559239 0.756011 0.527559 0.872173 0.654281 0.872173 0.622601 0.756011 0.59092 0.872173 0.717642 0.872173 0.685962 0.756011 0.654281 0.872173 0.432518 0.756011 0.464198 0.872173 0.495878 0.756011 0.495878 0.756011 0.527559 0.872173 0.559239 0.756011 0.559239 0.756011 0.59092 0.872173 0.622601 0.756011 0.622601 0.756011 0.654281 0.872173 0.685962 0.756011 0.685962 0.756011 0.717642 0.872173 0.749323 0.756011 0.74809 0.583761 0.7105 0.583761 0.729295 0.652675 0.785679 0.583761 0.74809 0.583761 0.766884 0.652675 0.823268 0.583761 0.785679 0.583761 0.804473 0.652675 0.860858 0.583761 0.823268 0.583761 0.842063 0.652675 0.898447 0.583761 0.860858 0.583761 0.879652 0.652675 0.729295 0.514847 0.766884 0.514847 0.74809 0.445934 0.766884 0.514847 0.804473 0.514847 0.785679 0.445934 0.804473 0.514847 0.842063 0.514847 0.823268 0.445934 0.842063 0.514847 0.879652 0.514847 0.860858 0.445934 0.879652 0.514847 0.917241 0.514847 0.898447 0.445934 0.74809 0.583761 0.729295 0.514847 0.7105 0.583761 0.785679 0.583761 0.766884 0.514847 0.74809 0.583761 0.823268 0.583761 0.804473 0.514847 0.785679 0.583761 0.860858 0.583761 0.842063 0.514847 0.823268 0.583761 0.898447 0.583761 0.879652 0.514847 0.860858 0.583761 0.729295 0.514847 0.74809 0.583761 0.766884 0.514847 0.766884 0.514847 0.785679 0.583761 0.804473 0.514847 0.804473 0.514847 0.823268 0.583761 0.842063 0.514847 0.842063 0.514847 0.860858 0.583761 0.879652 0.514847 0.879652 0.514847 0.898447 0.583761 0.917241 0.514847 0.588077 0.268129 0.564357 0.355103 0.540636 0.268129 0.635517 0.268129 0.611797 0.355103 0.588077 0.268129 0.682958 0.268129 0.659238 0.355103 0.635517 0.268129 0.730399 0.268129 0.706678 0.355103 0.682958 0.268129 0.777839 0.268129 0.754119 0.355103 0.730399 0.268129 0.564357 0.181155 0.588077 0.09418028 0.611797 0.181155 0.611797 0.181155 0.635517 0.09418028 0.659238 0.181155 0.659238 0.181155 0.682958 0.09418028 0.706678 0.181155 0.706678 0.181155 0.730399 0.09418028 0.754119 0.181155 0.754119 0.181155 0.777839 0.09418028 0.801559 0.181155 0.588077 0.268129 0.540636 0.268129 0.564357 0.181155 0.635517 0.268129 0.588077 0.268129 0.611797 0.181155 0.682958 0.268129 0.635517 0.268129 0.659238 0.181155 0.730399 0.268129 0.682958 0.268129 0.706678 0.181155 0.777839 0.268129 0.730399 0.268129 0.754119 0.181155 0.564357 0.181155 0.611797 0.181155 0.588077 0.268129 0.611797 0.181155 0.659238 0.181155 0.635517 0.268129 0.659238 0.181155 0.706678 0.181155 0.682958 0.268129 0.706678 0.181155 0.754119 0.181155 0.730399 0.268129 0.754119 0.181155 0.801559 0.181155 0.777839 0.268129 0.515525 0.543765 0.465475 0.543765 0.4905 0.635522 0.565574 0.543765 0.515525 0.543765 0.54055 0.635522 0.615624 0.543765 0.565574 0.543765 0.590599 0.635522 0.665673 0.543765 0.615624 0.543765 0.640649 0.635522 0.715723 0.543765 0.665673 0.543765 0.690698 0.635522 0.4905 0.452007 0.54055 0.452007 0.515525 0.36025 0.54055 0.452007 0.590599 0.452007 0.565574 0.36025 0.590599 0.452007 0.640649 0.452007 0.615624 0.36025 0.640649 0.452007 0.690698 0.452007 0.665673 0.36025 0.690698 0.452007 0.740748 0.452007 0.715723 0.36025 0.515525 0.543765 0.4905 0.452007 0.465475 0.543765 0.565574 0.543765 0.54055 0.452007 0.515525 0.543765 0.615624 0.543765 0.590599 0.452007 0.565574 0.543765 0.665673 0.543765 0.640649 0.452007 0.615624 0.543765 0.715723 0.543765 0.690698 0.452007 0.665673 0.543765 0.4905 0.452007 0.515525 0.543765 0.54055 0.452007 0.54055 0.452007 0.565574 0.543765 0.590599 0.452007 0.590599 0.452007 0.615624 0.543765 0.640649 0.452007 0.640649 0.452007 0.665673 0.543765 0.690698 0.452007 0.690698 0.452007 0.715723 0.543765 0.740748 0.452007 0.175435 0.1635659 0.227393 0.1635659 0.202202 0.288261 0.25416 0.285937 0.202202 0.288261 0.227393 0.1635659 0.331308 0.1635659 0.306118 0.289632 0.25416 0.285937 0.383266 0.1635659 0.358075 0.288261 0.306118 0.289632 0.383266 0.1635659 0.435223 0.1635659 0.410033 0.285937 0.487181 0.1635659 0.46199 0.289632 0.410033 0.285937 0.202202 0.288261 0.172788 0.435765 0.1208299 0.437733 0.224745 0.434466 0.172788 0.435765 0.202202 0.288261 0.276703 0.437733 0.224745 0.434466 0.25416 0.285937 0.306118 0.289632 0.358075 0.288261 0.32866 0.435765 0.358075 0.288261 0.410033 0.285937 0.380618 0.434466 0.46199 0.289632 0.432576 0.437733 0.380618 0.434466 0.144204 0.574706 0.09224677 0.576682 0.1208299 0.437733 0.224745 0.434466 0.196162 0.579905 0.144204 0.574706 0.276703 0.437733 0.24812 0.576682 0.196162 0.579905 0.32866 0.435765 0.300077 0.574706 0.24812 0.576682 0.380618 0.434466 0.352035 0.579905 0.300077 0.574706 0.380618 0.434466 0.432576 0.437733 0.403993 0.576682 0.11652 0.717314 0.06456285 0.714772 0.09224677 0.576682 0.196162 0.579905 0.168478 0.716962 0.11652 0.717314 0.220436 0.714772 0.168478 0.716962 0.196162 0.579905 0.272393 0.717314 0.220436 0.714772 0.24812 0.576682 0.300077 0.574706 0.352035 0.579905 0.324351 0.716962 0.352035 0.579905 0.403993 0.576682 0.376309 0.714772 0.06456285 0.714772 0.11652 0.717314 0.08749216 0.86143 0.13945 0.865035 0.08749216 0.86143 0.11652 0.717314 0.191408 0.86116 0.13945 0.865035 0.168478 0.716962 0.272393 0.717314 0.243365 0.86143 0.191408 0.86116 0.324351 0.716962 0.295323 0.865035 0.243365 0.86143 0.376309 0.714772 0.34728 0.86116 0.295323 0.865035 0.08749216 0.86143 0.06195759 0.988661 0.00999999 0.99 0.13945 0.865035 0.113915 0.98979 0.06195759 0.988661 0.13945 0.865035 0.191408 0.86116 0.165873 0.99 0.191408 0.86116 0.243365 0.86143 0.217831 0.988661 0.269788 0.98979 0.217831 0.988661 0.243365 0.86143 0.321746 0.99 0.269788 0.98979 0.295323 0.865035 0.227375 0.163655 0.201632 0.292434 0.149675 0.290455 0.227375 0.163655 0.279333 0.163655 0.25359 0.288954 0.279333 0.163655 0.33129 0.163655 0.305548 0.290455 0.33129 0.163655 0.383248 0.163655 0.357505 0.292434 0.409463 0.288954 0.357505 0.292434 0.383248 0.163655 0.487163 0.163655 0.461421 0.290455 0.409463 0.288954 0.173259 0.433 0.121302 0.437702 0.149675 0.290455 0.225217 0.432648 0.173259 0.433 0.201632 0.292434 0.225217 0.432648 0.25359 0.288954 0.305548 0.290455 0.277175 0.437702 0.305548 0.290455 0.357505 0.292434 0.38109 0.432648 0.329132 0.433 0.357505 0.292434 0.461421 0.290455 0.433048 0.437702 0.38109 0.432648 0.1443679 0.572834 0.0924105 0.57602 0.121302 0.437702 0.225217 0.432648 0.196326 0.579962 0.1443679 0.572834 0.277175 0.437702 0.248283 0.57602 0.196326 0.579962 0.277175 0.437702 0.329132 0.433 0.300241 0.572834 0.38109 0.432648 0.352199 0.579962 0.300241 0.572834 0.38109 0.432648 0.433048 0.437702 0.404156 0.57602 0.0924105 0.57602 0.1443679 0.572834 0.117582 0.713252 0.196326 0.579962 0.16954 0.711774 0.117582 0.713252 0.221498 0.709654 0.16954 0.711774 0.196326 0.579962 0.221498 0.709654 0.248283 0.57602 0.300241 0.572834 0.352199 0.579962 0.325413 0.711774 0.273455 0.713252 0.352199 0.579962 0.404156 0.57602 0.37737 0.709654 0.52166 0.295987 0.529215 0.333762 0.472124 0.333762 0.52166 0.295987 0.578752 0.295987 0.586307 0.333762 0.578752 0.295987 0.635843 0.295987 0.643398 0.333762 0.692935 0.295987 0.70049 0.333762 0.643398 0.333762 0.560793 0.489959 0.569502 0.534311 0.512411 0.531188 0.560793 0.489959 0.617885 0.48994 0.626594 0.531188 0.683685 0.534311 0.626594 0.531188 0.617885 0.48994 0.732068 0.48994 0.740777 0.531188 0.683685 0.534311 0.578416 0.577857 0.521325 0.576322 0.512411 0.531188 0.626594 0.531188 0.635508 0.576322 0.578416 0.577857 0.683685 0.534311 0.692599 0.577857 0.635508 0.576322 0.749691 0.576322 0.692599 0.577857 0.683685 0.534311 0.452228 0.586489 0.458819 0.619443 0.412457 0.619443 0.498591 0.586489 0.505182 0.619443 0.458819 0.619443 0.498591 0.586489 0.544953 0.586489 0.551544 0.619443 0.544953 0.586489 0.591316 0.586489 0.597907 0.619443 0.472169 0.68619 0.48226 0.736613 0.435897 0.733184 0.472169 0.68619 0.518531 0.68619 0.528622 0.733184 0.564894 0.68619 0.574985 0.736613 0.528622 0.733184 0.564894 0.68619 0.611256 0.68619 0.621347 0.733184 0.48226 0.736613 0.490959 0.777583 0.444596 0.779163 0.528622 0.733184 0.537321 0.779163 0.490959 0.777583 0.528622 0.733184 0.574985 0.736613 0.583684 0.777583 0.574985 0.736613 0.621347 0.733184 0.630046 0.779163 0.500113 0.824583 0.453751 0.823776 0.444596 0.779163 0.500113 0.824583 0.490959 0.777583 0.537321 0.779163 0.546476 0.823776 0.537321 0.779163 0.583684 0.777583 0.592838 0.824583 0.583684 0.777583 0.630046 0.779163 0.453751 0.823776 0.500113 0.824583 0.510271 0.875009 0.546476 0.823776 0.556633 0.879329 0.510271 0.875009 0.546476 0.823776 0.592838 0.824583 0.602996 0.875009 0.602996 0.875009 0.592838 0.824583 0.639201 0.823776 0.463908 0.879329 0.510271 0.875009 0.520698 0.924894 0.556633 0.879329 0.567061 0.930396 0.520698 0.924894 0.613423 0.924894 0.567061 0.930396 0.556633 0.879329 0.649358 0.879329 0.659786 0.930396 0.613423 0.924894 0.471845 0.684572 0.482139 0.735481 0.435777 0.733512 0.518207 0.684572 0.528502 0.733512 0.482139 0.735481 0.56457 0.684572 0.574864 0.735481 0.528502 0.733512 0.56457 0.684572 0.610932 0.684572 0.621227 0.733512 0.482139 0.735481 0.491103 0.778269 0.444741 0.779574 0.528502 0.733512 0.537466 0.779574 0.491103 0.778269 0.528502 0.733512 0.574864 0.735481 0.583828 0.778269 0.574864 0.735481 0.621227 0.733512 0.630191 0.779574 0.491103 0.778269 0.500215 0.824696 0.453852 0.824765 0.546577 0.824765 0.500215 0.824696 0.491103 0.778269 0.537466 0.779574 0.583828 0.778269 0.59294 0.824696 0.630191 0.779574 0.639302 0.824765 0.59294 0.824696 0.510036 0.874687 0.463673 0.876745 0.453852 0.824765 0.510036 0.874687 0.500215 0.824696 0.546577 0.824765 0.556398 0.876745 0.546577 0.824765 0.59294 0.824696 0.649123 0.876745 0.602761 0.874687 0.59294 0.824696 0.463673 0.876745 0.510036 0.874687 0.520388 0.922535 0.556398 0.876745 0.566751 0.929901 0.520388 0.922535 0.556398 0.876745 0.602761 0.874687 0.613113 0.922535 0.649123 0.876745 0.659476 0.929901 0.613113 0.922535 0.521713 0.02354669 0.573561 0.02354669 0.565551 0.06359946 0.62541 0.02354669 0.617399 0.06359946 0.565551 0.06359946 0.677258 0.02354669 0.669248 0.06359946 0.617399 0.06359946 0.677258 0.02354669 0.729106 0.02354669 0.721096 0.06359946 0.565551 0.06359946 0.557452 0.103931 0.505604 0.101224 0.565551 0.06359946 0.617399 0.06359946 0.609301 0.101224 0.669248 0.06359946 0.661149 0.103931 0.609301 0.101224 0.669248 0.06359946 0.721096 0.06359946 0.712997 0.101224 0.557452 0.103931 0.549303 0.138767 0.497455 0.144623 0.609301 0.101224 0.601152 0.144623 0.549303 0.138767 0.609301 0.101224 0.661149 0.103931 0.6530001 0.138767 0.704849 0.144623 0.6530001 0.138767 0.661149 0.103931 0.540382 0.187948 0.488534 0.189567 0.497455 0.144623 0.601152 0.144623 0.59223 0.189567 0.540382 0.187948 0.601152 0.144623 0.6530001 0.138767 0.644079 0.187948 0.644079 0.187948 0.6530001 0.138767 0.704849 0.144623 0.540382 0.187948 0.53109 0.23891 0.479241 0.2308959 0.540382 0.187948 0.59223 0.189567 0.582938 0.2308959 0.644079 0.187948 0.634786 0.23891 0.582938 0.2308959 0.644079 0.187948 0.695927 0.189567 0.686635 0.2308959 0.53109 0.23891 0.520932 0.28951 0.469084 0.283809 0.572781 0.283809 0.520932 0.28951 0.53109 0.23891 0.634786 0.23891 0.624629 0.28951 0.572781 0.283809 0.634786 0.23891 0.686635 0.2308959 0.676477 0.283809 0.206149 0.00999999 0.258644 0.00999999 0.241328 0.102556 0.258644 0.00999999 0.310384 0.00999999 0.289964 0.102556 0.361159 0.00999999 0.342201 0.102556 0.289964 0.102556 0.361159 0.00999999 0.41297 0.00999999 0.396386 0.102556 0.465546 0.00999999 0.445489 0.102556 0.396386 0.102556 0.517894 0.00999999 0.499383 0.102556 0.445489 0.102556 0.234079 0.1301349 0.227393 0.1635659 0.175435 0.1635659 0.279351 0.1635659 0.227393 0.1635659 0.234079 0.1301349 0.331308 0.1635659 0.279351 0.1635659 0.287171 0.124463 0.396386 0.102556 0.383266 0.1635659 0.331308 0.1635659 0.445489 0.102556 0.435223 0.1635659 0.383266 0.1635659 0.487181 0.1635659 0.435223 0.1635659 0.445489 0.102556 0.241328 0.102556 0.227375 0.163655 0.175418 0.163655 0.279333 0.163655 0.227375 0.163655 0.241328 0.102556 0.33129 0.163655 0.279333 0.163655 0.289964 0.102556 0.3907 0.126395 0.383248 0.163655 0.33129 0.163655 0.442621 0.126578 0.435206 0.163655 0.383248 0.163655 0.487163 0.163655 0.435206 0.163655 0.442621 0.126578 0.417192 0.642528 0.412457 0.619443 0.458819 0.619443 0.511448 0.642381 0.465536 0.643919 0.458819 0.619443 0.511448 0.642381 0.505182 0.619443 0.551544 0.619443 0.551544 0.619443 0.597907 0.619443 0.602642 0.642528 0.425806 0.68619 0.417192 0.642528 0.467727 0.663983 0.518531 0.68619 0.472169 0.68619 0.467727 0.663983 0.554412 0.643808 0.564894 0.68619 0.518531 0.68619 0.611256 0.68619 0.564894 0.68619 0.554412 0.643808 0.474336 0.930396 0.520698 0.924894 0.531276 0.982187 0.567061 0.930396 0.577638 0.98111 0.531276 0.982187 0.624001 0.985614 0.577638 0.98111 0.567061 0.930396 0.659786 0.930396 0.670363 0.986216 0.624001 0.985614 0.465536 0.643919 0.471845 0.684572 0.425483 0.684572 0.518207 0.684572 0.471845 0.684572 0.465536 0.643919 0.560168 0.662561 0.56457 0.684572 0.518207 0.684572 0.610932 0.684572 0.56457 0.684572 0.560168 0.662561 0.530881 0.979097 0.484518 0.983842 0.474026 0.929901 0.530881 0.979097 0.520388 0.922535 0.566751 0.929901 0.623606 0.984496 0.577243 0.982917 0.566751 0.929901 0.623606 0.984496 0.613113 0.922535 0.659476 0.929901 0.170651 0.08143889 0.151488 0.0622766 0.170651 0.0622766 0.16654 0.01740676 0.188605 0.00999999 0.181276 0.02473568 0.617885 0.48994 0.601738 0.408093 0.65883 0.412179 0.544646 0.412179 0.601738 0.408093 0.617885 0.48994 0.732068 0.48994 0.674977 0.489959 0.65883 0.412179 0.560793 0.489959 0.503702 0.48994 0.487555 0.408093 0.643398 0.333762 0.65883 0.412179 0.601738 0.408093 0.601738 0.408093 0.544646 0.412179 0.529215 0.333762 0.715921 0.408093 0.65883 0.412179 0.643398 0.333762 0.529215 0.333762 0.544646 0.412179 0.487555 0.408093</float_array>
          <technique_common>
            <accessor source="#Tree_lp_11_001-mesh-map-0-array" count="1500" stride="2">
              <param name="S" type="float"/>
              <param name="T" type="float"/>
            </accessor>
          </technique_common>
        </source>
        <vertices id="Tree_lp_11_001-mesh-vertices">
          <input semantic="POSITION" source="#Tree_lp_11_001-mesh-positions"/>
        </vertices>
        <triangles material="Bark_001-material" count="380">
          <input semantic="VERTEX" source="#Tree_lp_11_001-mesh-vertices" offset="0"/>
          <input semantic="NORMAL" source="#Tree_lp_11_001-mesh-normals" offset="1"/>
          <input semantic="TEXCOORD" source="#Tree_lp_11_001-mesh-map-0" offset="2" set="0"/>
          <p>6 0 0 13 1 1 12 2 2 14 3 3 7 4 4 8 5 5 9 6 6 14 7 7 8 8 8 10 9 9 15 10 10 9 11 11 10 12 12 17 13 13 16 14 14 6 15 15 17 16 16 11 17 17 13 18 18 18 19 19 12 20 20 20 21 21 13 22 22 14 23 23 21 24 24 14 25 25 15 26 26 15 27 27 22 28 28 21 29 29 16 30 30 23 31 31 22 32 32 12 33 33 23 34 34 17 35 35 25 36 36 18 37 37 19 38 38 20 39 39 25 40 40 19 41 41 21 42 42 26 43 43 20 44 44 22 45 45 27 46 46 21 47 47 23 48 48 28 49 49 22 50 50 23 51 51 24 52 52 29 53 53 31 54 54 24 55 55 25 56 56 26 57 57 31 58 58 25 59 59 33 60 60 26 61 61 27 62 62 34 63 63 27 64 64 28 65 65 28 66 66 35 67 67 34 68 68 29 69 69 30 70 70 35 71 71 30 72 72 37 73 73 36 74 74 38 75 75 31 76 76 32 77 77 39 78 78 32 79 79 33 80 80 34 81 81 39 82 82 33 83 83 35 84 84 40 85 85 34 86 86 30 87 87 41 88 88 35 89 89 37 90 90 42 91 91 36 92 92 38 93 93 43 94 94 37 95 95 38 96 96 45 97 97 44 98 98 39 99 99 46 100 100 45 101 101 47 102 102 40 103 103 41 104 104 42 105 105 41 106 106 36 107 107 49 108 108 54 109 109 48 110 110 49 111 111 56 112 112 55 113 113 50 114 114 57 115 115 56 116 116 51 117 117 58 118 118 57 119 119 59 120 120 52 121 121 53 122 122 48 123 123 59 124 124 53 125 125 61 126 126 54 127 127 55 128 128 62 129 129 55 130 130 56 131 131 62 132 132 57 133 133 63 134 134 63 135 135 58 136 136 64 137 137 65 138 138 58 139 139 59 140 140 54 141 141 65 142 142 59 143 143 67 144 144 60 145 145 61 146 146 62 147 147 67 148 148 61 149 149 63 150 150 68 151 151 62 152 152 63 153 153 70 154 154 69 155 155 65 156 156 70 157 157 64 158 158 65 159 159 66 160 160 71 161 161 66 162 162 73 163 163 72 164 164 68 165 165 73 166 166 67 167 167 75 168 168 68 169 169 69 170 170 75 171 171 70 172 172 76 173 173 71 174 174 76 175 175 70 176 176 71 177 177 72 178 178 77 179 179 81 180 180 78 181 181 79 182 182 81 183 183 82 184 184 80 185 185 83 186 186 84 187 187 82 188 188 79 189 189 84 190 190 85 191 191 91 192 192 94 193 193 90 194 194 91 195 195 96 196 196 95 197 197 97 198 198 92 199 199 93 200 200 90 201 201 97 202 202 93 203 203 99 204 204 94 205 205 95 206 206 96 207 207 99 208 208 95 209 209 97 210 210 100 211 211 96 212 212 98 213 213 97 214 214 94 215 215 105 216 216 102 217 217 103 218 218 107 219 219 104 220 220 105 221 221 107 222 222 108 223 223 106 224 224 109 225 225 102 226 226 108 227 227 111 228 228 114 229 229 110 230 230 111 231 231 116 232 232 115 233 233 113 234 234 116 235 235 112 236 236 113 237 237 114 238 238 117 239 239 115 240 240 118 241 241 114 242 242 116 243 243 119 244 244 115 245 245 116 246 246 121 247 247 120 248 248 117 249 249 118 250 250 121 251 251 123 252 252 118 253 253 119 254 254 123 255 255 120 256 256 124 257 257 124 258 258 121 259 259 125 260 260 125 261 261 118 262 262 122 263 263 122 264 264 127 265 265 126 266 266 124 267 267 127 268 268 123 269 269 124 270 270 129 271 271 128 272 272 129 273 273 122 274 274 126 275 275 126 276 276 131 277 277 130 278 278 128 279 279 131 280 280 127 281 281 133 282 282 128 283 283 129 284 284 126 285 285 133 286 286 129 287 287 135 288 288 138 289 289 134 290 290 136 291 291 139 292 292 135 293 293 137 294 294 140 295 295 136 296 296 137 297 297 138 298 298 141 299 299 139 300 300 142 301 301 138 302 302 140 303 303 143 304 304 139 305 305 140 306 306 145 307 307 144 308 308 141 309 309 142 310 310 145 311 311 143 312 312 146 313 313 142 314 314 148 315 315 143 316 316 144 317 317 144 318 318 149 319 319 148 320 320 142 321 321 149 322 322 145 323 323 151 324 324 146 325 325 147 326 326 151 327 327 148 328 328 152 329 329 152 330 330 149 331 331 153 332 332 150 333 333 149 334 334 146 335 335 150 336 336 155 337 337 154 338 338 152 339 339 155 340 340 151 341 341 152 342 342 157 343 343 156 344 344 150 345 345 157 346 346 153 347 347 159 348 348 160 349 349 158 350 350 163 351 351 160 352 352 161 353 353 165 354 354 162 355 355 163 356 356 165 357 357 158 358 358 164 359 359 160 360 360 166 361 361 158 362 362 160 363 363 168 364 364 167 365 365 164 366 366 168 367 367 162 368 368 164 369 369 166 370 370 169 371 371 167 372 372 170 373 373 166 374 374 168 375 375 171 376 376 167 377 377 168 378 378 173 379 379 172 380 380 170 381 381 169 382 382 166 383 383 175 384 384 170 385 385 171 386 386 172 387 387 175 388 388 171 389 389 172 390 390 177 391 391 176 392 392 177 393 393 170 394 394 174 395 395 175 396 396 178 397 397 174 398 398 175 399 399 180 400 400 179 401 401 177 402 402 180 403 403 176 404 404 177 405 405 178 406 406 181 407 407 179 408 408 182 409 409 178 410 410 184 411 411 179 412 412 180 413 413 181 414 414 184 415 415 180 416 416 181 417 417 182 418 418 185 419 419 0 420 420 261 421 421 260 422 422 1 423 423 262 424 424 261 425 425 3 426 426 262 427 427 2 428 428 3 429 429 265 430 430 264 431 431 5 432 432 265 433 433 4 434 434 0 435 435 266 436 436 5 437 437 267 438 438 6 439 439 260 440 440 8 441 441 267 442 442 268 443 443 9 444 444 268 445 445 264 446 446 265 447 447 9 448 448 264 449 449 266 450 450 10 451 451 265 452 452 6 453 453 266 454 454 260 455 455 261 456 456 48 457 457 260 458 458 50 459 459 261 460 460 262 461 461 51 462 462 262 463 463 264 464 464 268 465 465 51 466 466 264 467 467 267 468 468 52 469 469 268 470 470 48 471 471 267 472 472 260 473 473 269 474 474 104 475 475 270 476 476 271 477 477 104 478 478 106 479 479 271 480 480 108 481 481 263 482 482 108 483 483 269 484 484 263 485 485 110 486 486 272 487 487 111 488 488 112 489 489 272 490 490 271 491 491 263 492 492 112 493 493 271 494 494 110 495 495 263 496 496 269 497 497 130 498 498 276 499 499 279 500 500 132 501 501 276 502 502 131 503 503 280 504 504 132 505 505 133 506 506 130 507 507 280 508 508 133 509 509 270 510 510 134 511 511 269 512 512 136 513 513 270 514 514 271 515 515 272 516 516 136 517 517 271 518 518 134 519 519 272 520 520 269 521 521 274 522 522 154 523 523 155 524 524 274 525 525 156 526 526 275 527 527 278 528 528 156 529 529 157 530 530 278 531 531 154 532 532 273 533 533 276 534 534 186 535 535 279 536 536 277 537 537 280 537 538 279 537 539 277 538 540 279 538 541 186 538 542 274 539 543 187 540 544 273 541 545 275 542 546 278 542 547 273 542 548 275 543 549 273 543 550 187 544 551 92 545 552 89 546 553 93 547 554 87 548 555 92 549 556 91 550 557 90 551 558 89 552 559 86 553 560 91 554 561 86 555 562 87 556 563 84 557 564 88 558 565 82 559 566 88 560 567 80 561 568 82 562 569 86 563 570 84 564 571 78 565 572 80 566 573 86 567 574 78 568 575 6 689 936 7 690 937 13 691 938 14 692 939 13 693 940 7 694 941 9 695 942 15 696 943 14 697 944 10 698 945 16 699 946 15 700 947 10 701 948 11 702 949 17 703 950 6 704 951 12 705 952 17 706 953 13 707 954 19 708 955 18 709 956 20 710 957 19 711 958 13 712 959 21 713 960 20 714 961 14 715 962 15 716 963 16 717 964 22 718 965 16 719 966 17 720 967 23 721 968 12 722 969 18 723 970 23 724 971 25 725 972 24 726 973 18 727 974 20 728 975 26 729 976 25 730 977 21 731 978 27 732 979 26 733 980 22 734 981 28 735 982 27 736 983 23 737 984 29 738 985 28 739 986 23 740 987 18 741 988 24 742 989 31 743 990 30 744 991 24 745 992 26 746 993 32 747 994 31 748 995 33 749 996 32 750 997 26 751 998 34 752 999 33 753 1000 27 754 1001 28 755 1002 29 756 1003 35 757 1004 29 758 1005 24 759 1006 30 760 1007 30 761 1008 31 762 1009 37 763 1010 38 764 1011 37 765 1012 31 766 1013 39 767 1014 38 768 1015 32 769 1016 34 770 1017 40 771 1018 39 772 1019 35 773 1020 41 774 1021 40 775 1022 30 776 1023 36 777 1024 41 778 1025 37 779 1026 43 780 1027 42 781 1028 38 782 1029 44 783 1030 43 784 1031 38 785 1032 39 786 1033 45 787 1034 39 788 1035 40 789 1036 46 790 1037 47 791 1038 46 792 1039 40 793 1040 42 794 1041 47 795 1042 41 796 1043 49 797 1044 55 798 1045 54 799 1046 49 800 1047 50 801 1048 56 802 1049 50 803 1050 51 804 1051 57 805 1052 51 806 1053 52 807 1054 58 808 1055 59 809 1056 58 810 1057 52 811 1058 48 812 1059 54 813 1060 59 814 1061 61 815 1062 60 816 1063 54 817 1064 62 818 1065 61 819 1066 55 820 1067 62 821 1068 56 822 1069 57 823 1070 63 824 1071 57 825 1072 58 826 1073 65 827 1074 64 828 1075 58 829 1076 54 830 1077 60 831 1078 65 832 1079 67 833 1080 66 834 1081 60 835 1082 62 836 1083 68 837 1084 67 838 1085 63 839 1086 69 840 1087 68 841 1088 63 842 1089 64 843 1090 70 844 1091 65 845 1092 71 846 1093 70 847 1094 65 848 1095 60 849 1096 66 850 1097 66 851 1098 67 852 1099 73 853 1100 68 854 1101 74 855 1102 73 856 1103 75 857 1104 74 858 1105 68 859 1106 75 860 1107 69 861 1108 70 862 1109 71 863 1110 77 864 1111 76 865 1112 71 866 1113 66 867 1114 72 868 1115 81 869 1116 80 870 1117 78 871 1118 81 872 1119 83 873 1120 82 874 1121 83 875 1122 85 876 1123 84 877 1124 79 878 1125 78 879 1126 84 880 1127 91 881 1128 95 882 1129 94 883 1130 91 884 1131 92 885 1132 96 886 1133 97 887 1134 96 888 1135 92 889 1136 90 890 1137 94 891 1138 97 892 1139 99 893 1140 98 894 1141 94 895 1142 96 896 1143 100 897 1144 99 898 1145 97 899 1146 101 900 1147 100 901 1148 98 902 1149 101 903 1150 97 904 1151 105 905 1152 104 906 1153 102 907 1154 107 908 1155 106 909 1156 104 910 1157 107 911 1158 109 912 1159 108 913 1160 109 914 1161 103 915 1162 102 916 1163 111 917 1164 115 918 1165 114 919 1166 111 920 1167 112 921 1168 116 922 1169 113 923 1170 117 924 1171 116 925 1172 113 926 1173 110 927 1174 114 928 1175 115 929 1176 119 930 1177 118 931 1178 116 932 1179 120 933 1180 119 934 1181 116 935 1182 117 936 1183 121 937 1184 117 938 1185 114 939 1186 118 940 1187 123 941 1188 122 942 1189 118 943 1190 123 944 1191 119 945 1192 120 946 1193 124 947 1194 120 948 1195 121 949 1196 125 950 1197 121 951 1198 118 952 1199 122 953 1200 123 954 1201 127 955 1202 124 956 1203 128 957 1204 127 958 1205 124 959 1206 125 960 1207 129 961 1208 129 962 1209 125 963 1210 122 964 1211 126 965 1212 127 966 1213 131 967 1214 128 968 1215 132 969 1216 131 970 1217 133 971 1218 132 972 1219 128 973 1220 126 974 1221 130 975 1222 133 976 1223 135 977 1224 139 978 1225 138 979 1226 136 980 1227 140 981 1228 139 982 1229 137 983 1230 141 984 1231 140 985 1232 137 986 1233 134 987 1234 138 988 1235 139 989 1236 143 990 1237 142 991 1238 140 992 1239 144 993 1240 143 994 1241 140 995 1242 141 996 1243 145 997 1244 141 998 1245 138 999 1246 142 1000 1247 143 1001 1248 147 1002 1249 146 1003 1250 148 1004 1251 147 1005 1252 143 1006 1253 144 1007 1254 145 1008 1255 149 1009 1256 142 1010 1257 146 1011 1258 149 1012 1259 151 1013 1260 150 1014 1261 146 1015 1262 151 1016 1263 147 1017 1264 148 1018 1265 152 1019 1266 148 1020 1267 149 1021 1268 150 1022 1269 153 1023 1270 149 1024 1271 150 1025 1272 151 1026 1273 155 1027 1274 152 1028 1275 156 1029 1276 155 1030 1277 152 1031 1278 153 1032 1279 157 1033 1280 150 1034 1281 154 1035 1282 157 1036 1283 159 1037 1284 161 1038 1285 160 1039 1286 163 1040 1287 162 1041 1288 160 1042 1289 165 1043 1290 164 1044 1291 162 1045 1292 165 1046 1293 159 1047 1294 158 1048 1295 160 1049 1296 167 1050 1297 166 1051 1298 160 1052 1299 162 1053 1300 168 1054 1301 164 1055 1302 169 1056 1303 168 1057 1304 164 1058 1305 158 1059 1306 166 1060 1307 167 1061 1308 171 1062 1309 170 1063 1310 168 1064 1311 172 1065 1312 171 1066 1313 168 1067 1314 169 1068 1315 173 1069 1316 170 1070 1317 173 1071 1318 169 1072 1319 175 1073 1320 174 1074 1321 170 1075 1322 172 1076 1323 176 1077 1324 175 1078 1325 172 1079 1326 173 1080 1327 177 1081 1328 177 1082 1329 173 1083 1330 170 1084 1331 175 1085 1332 179 1086 1333 178 1087 1334 175 1088 1335 176 1089 1336 180 1090 1337 177 1091 1338 181 1092 1339 180 1093 1340 177 1094 1341 174 1095 1342 178 1096 1343 179 1097 1344 183 1098 1345 182 1099 1346 184 1100 1347 183 1101 1348 179 1102 1349 181 1103 1350 185 1104 1351 184 1105 1352 181 1106 1353 178 1107 1354 182 1108 1355 0 1109 1356 1 1110 1357 261 1111 1358 1 1112 1359 2 1113 1360 262 1114 1361 3 1115 1362 264 1116 1363 262 1117 1364 3 1118 1365 4 1119 1366 265 1120 1367 5 1121 1368 266 1122 1369 265 1123 1370 0 1124 1371 260 1125 1372 266 1126 1373 267 1127 1374 7 1128 1375 6 1129 1376 8 1130 1377 7 1131 1378 267 1132 1379 9 1133 1380 8 1134 1381 268 1135 1382 265 1136 1383 10 1137 1384 9 1138 1385 266 1139 1386 11 1140 1387 10 1141 1388 6 1142 1389 11 1143 1390 266 1144 1391 261 1145 1392 49 1146 1393 48 1147 1394 50 1148 1395 49 1149 1396 261 1150 1397 51 1151 1398 50 1152 1399 262 1153 1400 268 1154 1401 52 1155 1402 51 1156 1403 267 1157 1404 53 1158 1405 52 1159 1406 48 1160 1407 53 1161 1408 267 1162 1409 269 1163 1410 102 1164 1411 104 1165 1412 271 1166 1413 270 1167 1414 104 1168 1415 271 1169 1416 106 1170 1417 108 1171 1418 108 1172 1419 102 1173 1420 269 1174 1421 110 1175 1422 269 1176 1423 272 1177 1424 112 1178 1425 111 1179 1426 272 1180 1427 263 1181 1428 113 1182 1429 112 1183 1430 110 1184 1431 113 1185 1432 263 1186 1433 130 1187 1434 131 1188 1435 276 1189 1436 132 1190 1437 277 1191 1438 276 1192 1439 280 1193 1440 277 1194 1441 132 1195 1442 130 1196 1443 279 1197 1444 280 1198 1445 270 1199 1446 135 1200 1447 134 1201 1448 136 1202 1449 135 1203 1450 270 1204 1451 272 1205 1452 137 1206 1453 136 1207 1454 134 1208 1455 137 1209 1456 272 1210 1457 274 1211 1458 273 1212 1459 154 1213 1460 274 1214 1461 155 1215 1462 156 1216 1463 278 1217 1464 275 1218 1465 156 1219 1466 278 1220 1467 157 1221 1468 154 1222 1469 276 1223 1470 277 1224 1471 186 1225 1472 274 1226 1473 275 1227 1474 187 1228 1475 92 1229 1476 88 1230 1477 89 1231 1478 87 1232 1479 88 1233 1480 92 1234 1481 90 1235 1482 93 1236 1483 89 1237 1484 91 1238 1485 90 1239 1486 86 1240 1487 84 1241 1488 89 1242 1489 88 1243 1490 88 1244 1491 87 1245 1492 80 1246 1493 86 1247 1494 89 1248 1495 84 1249 1496 80 1250 1497 87 1251 1498 86 1252 1499</p>
        </triangles>
        <triangles material="Tree_001-material" count="120">
          <input semantic="VERTEX" source="#Tree_lp_11_001-mesh-vertices" offset="0"/>
          <input semantic="NORMAL" source="#Tree_lp_11_001-mesh-normals" offset="1"/>
          <input semantic="TEXCOORD" source="#Tree_lp_11_001-mesh-map-0" offset="2" set="0"/>
          <p>188 569 576 189 569 577 190 569 578 191 570 579 188 570 580 190 570 581 192 571 582 191 571 583 190 571 584 193 572 585 192 572 586 190 572 587 189 573 588 193 573 589 190 573 590 194 574 591 195 574 592 196 574 593 195 575 594 197 575 595 196 575 596 197 576 597 198 576 598 196 576 599 198 577 600 199 577 601 196 577 602 199 578 603 194 578 604 196 578 605 188 579 606 194 579 607 189 579 608 191 580 609 195 580 610 188 580 611 192 581 612 197 581 613 191 581 614 193 582 615 198 582 616 192 582 617 189 583 618 199 583 619 193 583 620 194 584 621 188 584 622 195 584 623 195 585 624 191 585 625 197 585 626 197 586 627 192 586 628 198 586 629 198 587 630 193 587 631 199 587 632 199 588 633 189 588 634 194 588 635 200 589 636 201 589 637 202 589 638 203 590 639 201 590 640 200 590 641 204 591 642 201 591 643 203 591 644 205 592 645 201 592 646 204 592 647 202 593 648 201 593 649 205 593 650 206 594 651 207 594 652 208 594 653 208 595 654 207 595 655 209 595 656 209 596 657 207 596 658 210 596 659 210 597 660 207 597 661 211 597 662 211 598 663 207 598 664 206 598 665 200 599 666 202 599 667 206 599 668 203 600 669 200 600 670 208 600 671 204 601 672 203 601 673 209 601 674 205 602 675 204 602 676 210 602 677 202 603 678 205 603 679 211 603 680 206 604 681 208 604 682 200 604 683 208 605 684 209 605 685 203 605 686 209 606 687 210 606 688 204 606 689 210 607 690 211 607 691 205 607 692 211 608 693 206 608 694 202 608 695 212 609 696 213 609 697 214 609 698 215 610 699 212 610 700 214 610 701 216 611 702 215 611 703 214 611 704 217 612 705 216 612 706 214 612 707 213 613 708 217 613 709 214 613 710 218 614 711 219 614 712 220 614 713 219 615 714 221 615 715 220 615 716 221 616 717 222 616 718 220 616 719 222 617 720 223 617 721 220 617 722 223 618 723 218 618 724 220 618 725 212 619 726 218 619 727 213 619 728 215 620 729 219 620 730 212 620 731 216 621 732 221 621 733 215 621 734 217 622 735 222 622 736 216 622 737 213 623 738 223 623 739 217 623 740 218 624 741 212 624 742 219 624 743 219 625 744 215 625 745 221 625 746 221 626 747 216 626 748 222 626 749 222 627 750 217 627 751 223 627 752 223 628 753 213 628 754 218 628 755 224 629 756 225 629 757 226 629 758 227 630 759 224 630 760 226 630 761 228 631 762 227 631 763 226 631 764 229 632 765 228 632 766 226 632 767 225 633 768 229 633 769 226 633 770 230 634 771 231 634 772 232 634 773 231 635 774 233 635 775 232 635 776 233 636 777 234 636 778 232 636 779 234 637 780 235 637 781 232 637 782 235 638 783 230 638 784 232 638 785 224 639 786 230 639 787 225 639 788 227 640 789 231 640 790 224 640 791 228 641 792 233 641 793 227 641 794 229 642 795 234 642 796 228 642 797 225 643 798 235 643 799 229 643 800 230 644 801 224 644 802 231 644 803 231 645 804 227 645 805 233 645 806 233 646 807 228 646 808 234 646 809 234 647 810 229 647 811 235 647 812 235 648 813 225 648 814 230 648 815 236 649 816 237 649 817 238 649 818 239 650 819 237 650 820 236 650 821 240 651 822 237 651 823 239 651 824 241 652 825 237 652 826 240 652 827 238 653 828 237 653 829 241 653 830 242 654 831 243 654 832 244 654 833 244 655 834 243 655 835 245 655 836 245 656 837 243 656 838 246 656 839 246 657 840 243 657 841 247 657 842 247 658 843 243 658 844 242 658 845 236 659 846 238 659 847 242 659 848 239 660 849 236 660 850 244 660 851 240 661 852 239 661 853 245 661 854 241 662 855 240 662 856 246 662 857 238 663 858 241 663 859 247 663 860 242 664 861 244 664 862 236 664 863 244 665 864 245 665 865 239 665 866 245 666 867 246 666 868 240 666 869 246 667 870 247 667 871 241 667 872 247 668 873 242 668 874 238 668 875 248 669 876 249 669 877 250 669 878 251 670 879 248 670 880 250 670 881 252 671 882 251 671 883 250 671 884 253 672 885 252 672 886 250 672 887 249 673 888 253 673 889 250 673 890 254 674 891 255 674 892 256 674 893 255 675 894 257 675 895 256 675 896 257 676 897 258 676 898 256 676 899 258 677 900 259 677 901 256 677 902 259 678 903 254 678 904 256 678 905 248 679 906 254 679 907 249 679 908 251 680 909 255 680 910 248 680 911 252 681 912 257 681 913 251 681 914 253 682 915 258 682 916 252 682 917 249 683 918 259 683 919 253 683 920 254 684 921 248 684 922 255 684 923 255 685 924 251 685 925 257 685 926 257 686 927 252 686 928 258 686 929 258 687 930 253 687 931 259 687 932 259 688 933 249 688 934 254 688 935</p>
        </triangles>
      </mesh>
    </geometry>
    <geometry id="Tree_lp_11-mesh" name="Tree_lp_11">
      <mesh>
        <source id="Tree_lp_11-mesh-positions">
          <float_array id="Tree_lp_11-mesh-positions-array" count="843">-0.524753 -0.707811 -1.37533 -1.53072 -0.666692 -0.246043 -0.906262 -0.661508 1.11465 0.545834 -0.691875 1.43058 1.42838 -0.731081 0.229593 1.00376 -0.742633 -1.23456 0.786882 2.82926 -1.29208 0.63432 3.39803 -0.788073 0.981512 3.47944 -0.07891285 1.52378 2.91226 0.09195077 1.67634 2.34349 -0.412051 1.32915 2.26209 -1.12121 2.59035 4.58157 -2.36406 2.28499 4.93522 -1.78959 2.61892 4.92501 -1.15015 3.30715 4.6892 -1.05697 3.57986 4.27748 -1.60876 3.19057 4.18931 -2.20974 3.54873 7.47469 -3.08566 3.17914 7.78206 -2.58487 3.45759 7.91591 -1.98529 4.12953 7.82592 -1.85391 4.46704 7.4315 -2.31475 4.16741 7.24017 -2.88795 4.61062 9.7155 -4.61096 4.32967 10.0261 -4.18947 4.61849 10.3778 -3.75896 5.1932 10.1512 -3.64934 5.4464 9.75916 -4.01712 5.23061 9.62172 -4.58895 5.32991 12.1494 -6.04678 4.94374 12.4323 -5.75564 5.13216 12.7581 -5.32972 5.682 12.7851 -5.24367 6.06216 12.6056 -5.61406 5.87457 12.2655 -6.02901 4.50482 14.4674 -8.187001 4.19017 14.5513 -7.82242 4.29636 14.8645 -7.4208 4.81238 14.9139 -7.37723 5.12365 14.8422 -7.74729 4.97229 14.6929 -8.22209 3.99985 17.357 -8.28958 3.73223 17.4265 -7.97026 3.86047 17.5496 -7.58888 4.27885 17.5479 -7.50233 4.54164 17.4121 -7.80389 4.41747 17.3449 -8.20025 -1.32999 3.06875 -0.363729 -1.55759 2.54365 0.157999 -1.27446 2.48797 0.896637 -0.713633 3.03217 1.07856 -0.486032 3.55727 0.556835 -0.769166 3.61295 -0.181802 -3.13891 4.92041 0.608952 -3.54369 4.65459 1.16326 -3.18725 4.57937 1.79795 -2.5597 4.89534 1.93327 -2.19822 5.25073 1.3996 -2.47852 5.16848 0.728617 -3.69165 8.11752 0.828338 -4.08153 7.96337 1.40745 -3.81857 7.91917 2.02716 -3.12958 8.04124 2.1732 -2.73953 7.95445 1.58035 -3.00248 7.98061 0.959613 -3.08732 11.0352 1.06462 -3.43606 10.9484 1.53576 -3.28627 11.1202 2.13284 -2.66283 11.013 2.19557 -2.3154 10.9363 1.72171 -2.46225 11.1303 1.13072 -3.48996 13.9078 1.06409 -3.90333 13.8031 1.44793 -3.71347 13.7671 1.99329 -3.18115 13.8962 2.10893 -2.83285 14.1725 1.74622 -2.99599 14.138 1.19218 -4.00133 8.77271 1.0531 -3.13923 8.37941 1.16974 -4.34707 8.11694 0.90442 -3.49063 7.64338 1.01312 -4.50992 8.03998 1.63875 -3.67443 7.55971 1.81871 -4.16418 8.69576 1.78744 -3.32303 8.295741 1.97533 -5.39095 9.67738 0.666911 -5.90213 9.28261 0.442941 -6.10893 9.22953 1.09234 -5.72877 9.77441 1.25323 -6.74064 11.3948 0.568838 -7.10149 10.9461 0.356538 -7.23338 10.7799 0.932314 -6.87331 11.2291 1.14461 -7.69876 11.9113 0.443552 -8.10324 11.5316 0.251496 -8.099201 11.2996 0.790802 -7.82275 11.7732 1.00053 -8.46285 12.8019 1.2725 -8.95731 12.5917 1.14086 -8.88589 12.2117 1.53638 -8.430991 12.471 1.71465 -2.28227 5.84553 1.04559 -2.87672 5.10514 0.686232 -2.54328 5.76185 1.81172 -3.17736 4.99241 1.52808 -1.91518 5.26874 1.96791 -2.49943 4.42257 1.69388 -1.65417 5.35241 1.20179 -2.19879 4.5353 0.85203 -0.650002 6.83895 1.47679 -0.894234 6.86803 2.01372 -0.728117 6.31387 2.13249 -0.483885 6.28479 1.59556 0.312135 7.16361 2.20397 0.02987378 7.21088 2.69134 0.133727 6.65995 2.763 0.567266 6.70004 2.40261 0.97366 7.64614 2.8445 0.635033 7.68697 3.24996 0.953424 7.38978 3.5517 1.23368 7.27369 3.11728 1.42008 8.48807 2.84257 1.21664 8.65476 3.26961 1.63447 8.52095 3.51262 1.85446 8.40175 3.07795 1.63962 9.845561 2.50049 1.46076 9.79022 2.97366 1.91164 9.93458 3.16023 2.07711 9.72142 2.72881 1.54687 11.2027 2.46467 1.40554 11.0172 2.87937 1.81029 11.1741 3.07406 1.94363 11.0134 2.64659 -2.15729 7.1855 2.14287 -2.35035 6.72039 2.45419 -1.80345 6.61322 2.65402 -1.61039 7.07833 2.3427 -2.26412 7.84226 3.28072 -2.44926 7.37123 3.51805 -1.91809 7.23764 3.62975 -1.75831 7.75817 3.50332 -2.58399 8.108591 4.30162 -2.74287 7.62928 4.45258 -2.33356 7.59262 4.78256 -2.13677 8.03292 4.57001 -3.14679 8.669651 4.83075 -3.44636 8.459361 5.17168 -3.07754 8.47961 5.50897 -2.77663 8.68594 5.16679 -3.17157 9.93949 4.85731 -3.47714 9.77942 5.20787 -3.15146 9.89589 5.55751 -2.81727 9.92985 5.19828 -3.7328 11.1812 5.02111 -3.90473 10.8456 5.35205 -3.69858 11.1441 5.6986 -3.36631 11.0456 5.3358 5.748 11.6475 -6.08637 5.56824 11.7865 -4.97864 5.79319 11.0142 -6.00004 5.62471 11.0673 -4.90753 5.17074 10.9534 -6.1396 4.91558 10.9983 -5.04161 5.12555 11.5867 -6.22594 4.85911 11.7176 -5.11272 6.01564 11.4634 -7.14982 6.05398 10.8789 -7.03803 5.46197 10.8451 -7.10101 5.46079 11.3852 -7.35379 6.27901 10.9308 -8.182391 6.17475 10.465 -7.86734 5.73833 10.3553 -8.2203 5.71131 10.9257 -8.251481 6.89322 10.6549 -9.064081 6.86041 10.1333 -9.0109 6.50352 10.1118 -9.395831 6.47504 10.6362 -9.38154 7.62143 10.7374 -9.753951 7.90282 10.3007 -9.896531 7.50426 10.3398 -10.2569 7.63472 10.8621 -10.2779 8.96624 11.0281 -9.91979 9.25974 10.646 -9.98339 9.04398 10.6783 -10.4176 9.053871 11.1626 -10.3784 1.85614 12.673 2.9672 -4.10729 12.4851 5.3907 10.8466 20.3032 -5.81436 6.87322 24.2135 -4.22274 5.90952 18.5685 -3.3188 8.06006 15.6382 -7.83539 2.36455 16.6654 -7.49283 1.63104 21.9652 -5.26009 9.61936 24.7719 -9.29799 10.3529 19.4721 -11.5307 6.07439 22.8688 -13.472 5.11069 17.2238 -12.5681 1.13734 21.1341 -10.9765 3.92385 25.7991 -8.95543 -8.0904 21.5101 5.79498 -0.851714 21.0368 6.86486 -3.50264 25.4041 1.60499 -4.99437 14.9908 7.09148 1.50683 14.8557 3.70278 2.42877 21.2915 0.311945 -9.28367 22.0573 -1.41917 -6.92512 15.8762 -4.58125 -10.2056 15.6215 1.97166 -4.27419 11.5089 0.678616 0.313567 15.403 -3.51137 -2.78246 21.9222 -4.80787 -12.0443 16.7223 6.65824 -10.8649 19.2722 2.91027 -14.0619 15.8715 2.5175 -12.7275 12.3079 5.24887 -11.9703 12.1295 0.629857 -10.8191 16.4337 -0.81548 -7.55456 17.8104 5.88439 -8.70571 13.5062 7.32972 -5.46294 14.0684 3.99675 -8.65997 10.6677 3.60398 -7.48055 13.2176 -0.143998 -6.79736 17.632 1.26537 0.02606767 13.3493 1.17591 1.76198 15.2723 2.18123 2.72727 13.2562 0.530265 1.3649 10.9144 1.14809 3.92825 11.3325 2.13621 4.17366 14.0259 2.77472 -0.196977 14.1765 3.81941 -0.442385 11.4831 3.1809 1.004 12.2528 5.42535 1.9693 10.2367 3.77439 3.7052 12.1597 4.77971 2.36637 14.5946 4.80753 13.9192 11.3979 -10.9759 11.569 9.36617 -12.6032 11.6449 12.8144 -13.2389 12.2513 8.87661 -9.19811 8.94605 8.73477 -10.3623 8.57131 11.1684 -12.8597 12.3741 14.4559 -10.2267 9.75122 13.8245 -7.9858 12.7489 12.0222 -7.72934 9.675271 10.3763 -7.35011 7.40095 11.7927 -9.61308 9.06893 14.3141 -11.3909 2.00384 21.4118 -4.55281 4.54963 22.6688 -2.18035 3.04216 19.3275 -1.67746 -0.529795 19.531 -2.62065 0.450123 19.6257 0.945956 3.58938 21.565 1.21808 1.90933 24.9374 -3.43434 -1.22992 22.9981 -3.70646 -0.68271 25.2355 -0.810925 -2.19017 21.8942 -0.308036 0.355617 23.1513 2.06443 2.88925 25.0321 0.132266 -0.36303 2.39901 -1.14342 -1.26129 2.20093 -0.194404 -0.714177 2.18956 0.836823 -1.18249 5.8804 1.388 0.48326 2.3491 1.08727 1.31858 2.03719 0.103932 0.854202 2.07139 -0.969078 -0.04827809 3.49454 -0.524021 0.324427 3.47256 0.458374 -1.91764 6.39276 1.22418 -2.25408 6.35112 2.06127 -1.52244 5.91116 2.12541 -1.44617 6.78437 1.88912 -4.14722 12.4928 5.11924 -4.33194 12.2734 5.42385 -4.06593 12.4726 5.66204 1.58185 12.5037 3.05804 1.94016 12.411 3.18549 -3.85257 12.5966 5.35495 1.73995 12.659 2.71297 2.09998 12.581 2.84234</float_array>
          <technique_common>
            <accessor source="#Tree_lp_11-mesh-positions-array" count="281" stride="3">
              <param name="X" type="float"/>
              <param name="Y" type="float"/>
              <param name="Z" type="float"/>
            </accessor>
          </technique_common>
        </source>
        <source id="Tree_lp_11-mesh-normals">
          <float_array id="Tree_lp_11-mesh-normals-array" count="3759">-0.7131913 0.3561707 -0.6037389 -0.7101231 0.3573333 -0.6066616 -0.7106217 0.3570435 -0.6062482 -0.6204426 0.7626861 0.1826496 -0.5789059 0.8037979 0.1370289 -0.5876556 0.7969431 0.1397954 0.2302575 0.3905369 0.8913263 0.1491097 0.3900665 0.9086333 0.2195144 0.3881998 0.8950499 0.7248136 -0.3407498 0.5987778 0.7222319 -0.34083 0.6018438 0.724461 -0.3410201 0.5990506 0.5914504 -0.7679337 -0.2458949 0.6054189 -0.7572919 -0.2449024 0.6038833 -0.7583741 -0.2453443 -0.1412786 -0.3571119 -0.9233155 -0.1662284 -0.3962326 -0.9029773 -0.147145 -0.3612259 -0.9207955 -0.8517861 0.1859136 -0.4897924 -0.8622224 0.100893 -0.4963803 -0.8551073 0.1768045 -0.4873723 -0.8469396 0.2962706 0.4414943 -0.8568915 0.3425948 0.3851829 -0.8597431 0.3345804 0.3858727 0.009780108 0.2513041 0.9678589 0.004291176 0.2333382 0.9723863 0.006434381 0.2325999 0.9725513 0.8081082 0.01703947 0.5887877 0.8269827 -0.0698632 0.55787 0.8310875 -0.06062495 0.5528274 0.8897287 -0.2605828 -0.3748059 0.8495488 -0.3263138 -0.4144709 0.8509071 -0.3169369 -0.4189372 0.04524642 -0.2091242 -0.9768418 0.05350279 -0.2865327 -0.9565755 0.04242843 -0.2173423 -0.9751729 -0.8112558 -0.0262286 -0.5841028 -0.7960807 -0.01496011 -0.6050056 -0.7968775 -0.01735031 -0.6038918 -0.7573617 0.5872485 0.2855566 -0.8014723 0.5310941 0.2749204 -0.7616428 0.5812664 0.2864083 -0.1424968 0.6093187 0.7800163 -0.1336217 0.6294173 0.7654928 -0.1463509 0.6096422 0.7790494 0.8198917 0.06039708 0.5693241 0.8216423 0.0644921 0.5663434 0.8198301 0.06051778 0.5694001 0.7968684 -0.5384128 -0.2740668 0.8002319 -0.5511282 -0.236404 0.7962667 -0.5408799 -0.2709402 -0.03189742 -0.5974954 -0.8012377 -0.01467186 -0.5836852 -0.8118476 -0.0175364 -0.5846503 -0.811096 -0.9083557 -0.007481753 -0.4181315 -0.9198266 -0.05215114 -0.3888435 -0.9252805 -0.04511767 -0.3765906 -0.8454059 0.44032 0.3023364 -0.8812172 0.3528033 0.3146207 -0.8478046 0.4324827 0.3068978 0.1290004 0.5080495 0.8516129 0.1232872 0.480492 0.8682901 0.1298739 0.4783682 0.8685026 0.9122624 0.05224066 0.4062615 0.9048521 0.01862794 0.4253184 0.9084342 0.01296776 0.4178268 0.9420745 -0.2655661 -0.2048661 0.922959 -0.3176835 -0.2173107 0.9236144 -0.3132278 -0.2209638 0.139023 -0.4250639 -0.8944234 0.05475783 -0.4827632 -0.8740374 0.05276656 -0.4718566 -0.8800949 -0.6707669 -0.5943189 -0.4436856 -0.6844696 -0.609455 -0.4000824 -0.6860946 -0.6060664 -0.4024399 -0.9074314 0.07510495 0.413434 -0.8994212 0.05711728 0.433335 -0.8983903 0.05887287 0.4352345 -0.1456213 0.6622479 0.7349981 -0.156957 0.6686548 0.7268186 -0.1568036 0.6678144 0.7276239 0.6832286 0.6363458 0.358138 0.6755589 0.6285429 0.3854271 0.6834151 0.6351132 0.3599655 0.8959467 -0.04833877 -0.4415234 0.9259449 -0.05001318 -0.3743324 0.8982042 -0.04978656 -0.4367499 0.1200252 -0.6322413 -0.7654182 0.149287 -0.6585453 -0.737585 0.1213388 -0.6352515 -0.762714 -0.761397 -0.1564484 -0.6291253 -0.7621017 -0.1534146 -0.629019 -0.7613997 -0.1564072 -0.6291323 -0.9297029 -0.1309784 0.3442342 -0.9299165 -0.1293987 0.3442549 -0.9297215 -0.1308964 0.3442155 -0.2037274 0.08155727 0.9756247 -0.151519 0.04074811 0.9876141 -0.1509301 0.04769498 0.9873932 0.778291 0.1794853 0.6017044 0.7755464 0.1847069 0.6036649 0.7757095 0.184251 0.6035947 0.9097638 0.1968708 -0.3654745 0.9109703 0.1908151 -0.3656811 0.9109123 0.1908242 -0.365821 -0.1688069 -0.04548645 -0.9845991 -0.1622697 -0.08506524 -0.983073 -0.173079 -0.08787238 -0.9809802 -0.6922147 -0.3439234 -0.6344726 -0.6844075 -0.3445969 -0.6425257 -0.6912617 -0.3446599 -0.6351118 -0.6279944 -0.7416508 0.2357482 -0.644367 -0.7283481 0.233024 -0.6425596 -0.7296504 0.233939 -0.0125606 -0.3715357 0.9283338 0.02085697 -0.3759642 0.9263995 0.01760607 -0.3726028 0.9278239 0.648163 0.353546 0.6744554 0.6603674 0.3523055 0.663171 0.6585962 0.3537577 0.6641585 0.6723546 0.7220725 -0.1629436 0.607685 0.7883911 -0.0956999 0.6203671 0.7779035 -0.100054 -0.1403444 0.3755405 -0.9161184 -0.07976418 0.3732244 -0.9243058 -0.1328197 0.3729835 -0.9182823 -0.8001008 -0.06738758 -0.5960687 -0.8019447 -0.0824626 -0.5916795 -0.8017004 -0.08109623 -0.5921993 -0.8438548 -0.1843236 0.5039186 -0.840185 -0.2039026 0.5025067 -0.8392212 -0.2040469 0.5040564 -0.2015324 -0.1097784 0.9733105 -0.1923841 -0.09506893 0.9767039 -0.2014826 -0.107934 0.9735271 0.858796 0.1293169 0.4957284 0.8556409 0.1034703 0.5071219 0.8595339 0.1290839 0.4945087 0.8899135 0.2007146 -0.4095945 0.890875 0.1963483 -0.4096207 0.8907983 0.1963973 -0.4097641 0.1066919 0.09873789 -0.9893774 0.1390338 0.07381319 -0.9875329 0.108899 0.09469825 -0.9895319 -0.8476426 0.2103501 -0.4870884 -0.850213 0.1984347 -0.4876081 -0.8504721 0.1985132 -0.4871241 -0.8567522 0.1579567 0.4909435 -0.9120491 0.07099103 0.4038898 -0.8634548 0.1480461 0.4822117 -0.2567256 -0.001041531 0.9664838 -0.2540442 0.01879054 0.9670102 -0.2587521 -4.91496e-4 0.9659436 0.7954357 -0.1056758 0.5967535 0.8038514 -0.1286031 0.5807618 0.8043448 -0.1251004 0.5808436 0.8889931 -0.1093699 -0.4446679 0.8999979 -0.1672711 -0.4025224 0.8894656 -0.1164406 -0.4419194 0.1278544 4.66686e-4 -0.9917929 0.1431304 0.02199482 -0.9894594 0.1404787 0.01977765 -0.9898862 -0.5934563 -0.1043075 -0.7980787 -0.5986186 -0.06537413 -0.7983622 -0.5933023 -0.06382822 -0.8024452 -0.9527646 -0.1520364 0.2629156 -0.9538576 -0.1459605 0.2623953 -0.9528198 -0.1520861 0.2626868 -0.04711836 0.0299313 0.9984408 -0.04415589 0.009521722 0.9989794 -0.04177659 0.01019769 0.999075 0.601619 0.057015 0.796746 0.6098574 0.1803032 0.7717284 0.6034411 0.07273459 0.7940835 0.9786309 0.147526 -0.1432398 0.9755632 0.1667181 -0.1431133 0.9788587 0.1478489 -0.1413382 0.2042189 0.1167159 -0.9719425 0.1655399 0.05405747 -0.9847204 0.1620625 0.06204742 -0.9848279 0.1858726 0.116518 -0.9756408 0.1875854 0.1170545 -0.9752488 0.1866051 0.1165469 -0.9754976 -0.45499 -0.8694223 -0.1925857 -0.4554256 -0.8690426 -0.1932682 -0.4551853 -0.8692202 -0.1930356 -0.2557607 -0.08339697 0.9631363 -0.2554944 -0.08332753 0.963213 -0.2556189 -0.08332753 0.96318 0.3882209 0.9031646 0.1832438 0.3879008 0.9034029 0.1827461 0.3880456 0.9032748 0.183072 0.2550532 0.252988 -0.9332444 0.2452248 0.2518614 -0.9361788 0.2527358 0.253579 -0.9337143 -0.4502825 -0.8215734 -0.3496609 -0.4471906 -0.8250038 -0.3455277 -0.4486059 -0.8239483 -0.3462111 -0.2619021 -0.2163065 0.9405418 -0.2597079 -0.2193337 0.9404492 -0.2598667 -0.2187792 0.9405344 0.4179046 0.8357004 0.3563153 0.4112095 0.8425112 0.3479681 0.4153962 0.8375151 0.3549852 -0.187165 0.5338325 -0.8246164 -0.1761692 0.5257319 -0.8322082 -0.178182 0.5239911 -0.8328773 -0.8477298 -0.5042542 -0.1645659 -0.8201696 -0.5386472 -0.1928238 -0.8415723 -0.5135667 -0.1673483 0.2394283 -0.3953663 0.8867692 0.3285044 -0.4857058 0.8100462 0.2684552 -0.4128286 0.8703473 0.8478003 0.4369282 0.3005473 0.8405194 0.4456033 0.3081641 0.8421914 0.4426436 0.3078643 -0.7277218 0.6649039 -0.1682966 -0.7281293 0.663993 -0.1701208 -0.728026 0.6644099 -0.1689311 -0.3100678 -0.09310311 0.9461447 -0.3098441 -0.09307307 0.9462209 -0.309982 -0.09307044 0.9461761 0.7760269 -0.5986418 0.1985203 0.7758439 -0.5991736 0.1976293 0.7759936 -0.59887 0.1979614 0.3534467 0.156458 -0.9222778 0.3550223 0.156692 -0.9216327 0.3543655 0.1564334 -0.9219294 -0.2081764 0.9707385 -0.1197054 -0.2417504 0.9600309 -0.1410591 -0.2183019 0.9684333 -0.120338 -0.590741 -0.005735099 0.8068409 -0.5903894 -0.005170285 0.8071021 -0.5905043 -0.00528711 0.8070172 0.2629725 -0.9514734 0.1598247 0.252327 -0.9541286 0.1611514 0.2606779 -0.9522204 0.1591333 0.6156759 0.00115472 -0.7879987 0.6087912 0.004830777 -0.7933158 0.6105756 0.004962205 -0.7919424 -0.3553874 0.8982676 -0.2584861 -0.3948095 0.8750944 -0.2798849 -0.369503 0.8923786 -0.2590911 -0.6606988 -0.04411244 0.749354 -0.6743518 -0.04048526 0.7372996 -0.663654 -0.04493767 0.7466887 0.363853 -0.8153777 0.4503004 0.3642156 -0.8368827 0.4086251 0.3702208 -0.8304605 0.4162595 0.7484764 0.04204285 -0.6618274 0.7159395 0.05019539 -0.6963555 0.7246752 0.05519002 -0.686877 -0.6721726 0.4698512 -0.5722096 -0.6980957 0.4491916 -0.5575745 -0.690244 0.4548896 -0.5627066 -0.3706334 0.2757974 0.886886 -0.374309 0.2638964 0.888961 -0.3688425 0.2747511 0.8879567 0.7784923 -0.4267851 0.4602219 0.7599546 -0.4435721 0.4750924 0.7761119 -0.4311899 0.4601365 0.3967236 -0.2260901 -0.8896593 0.4010091 -0.2502512 -0.8812299 0.3953868 -0.2276057 -0.889868 -0.9279105 0.01094883 -0.3726422 -0.9175219 0.03623539 -0.3960312 -0.9204281 0.03052985 -0.3897179 -0.3818197 0.3065592 0.8719146 -0.4012497 0.2894757 0.8690239 -0.3840813 0.3023339 0.8723967 0.9323822 -0.06379938 0.3557994 0.9237238 -0.1155094 0.3652286 0.9268844 -0.1068457 0.3598186 0.3649294 -0.2761623 -0.8891349 0.3627715 -0.2823601 -0.8880708 0.3645927 -0.2762462 -0.889247 -0.9320964 -0.07723796 -0.3538796 -0.9316409 -0.07408726 -0.3557478 -0.931663 -0.07486903 -0.3555258 -0.3670477 0.05153751 0.9287734 -0.3865329 0.0230506 0.9219875 -0.3688003 0.04483067 0.928427 0.9434192 0.09695523 0.317112 0.9377427 0.132408 0.3211027 0.9374249 0.1266297 0.3243447 0.4850724 -0.001428484 -0.8744729 0.4715658 0.01696956 -0.8816676 0.4846464 0.001995682 -0.8747079 -0.946039 0.2377583 -0.220185 -0.9455655 0.2325598 -0.2276442 -0.9462785 0.2357665 -0.2212951 -0.3427457 -0.8184478 0.46116 -0.3443012 -0.8162109 0.4639574 -0.3431241 -0.8181912 0.4613339 0.942665 -0.2199055 0.2510465 0.9422835 -0.2225669 0.2501319 0.9426727 -0.2203752 0.2506057 0.3321537 0.8337066 -0.4411431 0.3296699 0.8326494 -0.4449862 0.3298277 0.8331109 -0.4440044 -0.9225372 0.1901358 -0.335818 -0.9214373 0.1883682 -0.3398097 -0.9224529 0.1891474 -0.3366066 -0.290936 -0.9407512 0.1741939 -0.2866133 -0.9399248 0.1854568 -0.291101 -0.9404657 0.1754554 0.8926415 -0.2039722 0.4019783 0.9004223 -0.1969998 0.387854 0.898763 -0.1967163 0.3918263 0.2465262 0.9582397 -0.1449193 0.24151 0.9573894 -0.1583623 0.2411858 0.9580791 -0.1546411 -0.6770982 0.03267902 -0.7351668 -0.6973246 0.03064501 -0.7161001 -0.6779717 0.03436827 -0.7342841 -0.4510689 -0.7703715 0.450627 -0.4673621 -0.75186 0.4650583 -0.4662625 -0.7554236 0.4603636 0.7347921 0.03216069 0.6775296 0.7242507 0.03514605 0.6886405 0.7272694 0.0339263 0.6855132 0.4137509 0.7969785 -0.4400405 0.4127205 0.7990256 -0.4372872 0.4138333 0.7970854 -0.4397692 -0.7522971 0.002338588 -0.6588199 -0.7528499 8.66255e-4 -0.6581917 -0.7528076 0.001178383 -0.6582397 -0.7386295 -0.0821914 0.6690824 -0.737989 -0.0358631 0.6738591 -0.741499 -0.07347154 0.6669193 0.7235915 0.007356882 0.6901894 0.7294184 0.01820468 0.6838256 0.7239314 0.009868919 0.6898015 0.659204 0.02722859 -0.7514711 0.660237 0.02219212 -0.7507295 0.6599366 0.02251487 -0.7509839 -0.7634925 -0.2344181 -0.6017703 -0.7407606 -0.2853198 -0.6081665 -0.7483353 -0.2762157 -0.6030749 -0.6190465 -0.3446198 0.7057045 -0.6209586 -0.3543734 0.6991637 -0.6185985 -0.3467332 0.7050618 0.7457419 0.213907 0.6309619 0.7233718 0.2363066 0.6487623 0.7278174 0.2310975 0.6456592 0.6241292 0.3884301 -0.6779268 0.6498423 0.3694846 -0.6642185 0.627886 0.3833807 -0.6773318 0.9846203 0.09102314 0.1491228 0.9846627 0.09133714 0.1486505 0.9846431 0.09127426 0.1488189 0.08579832 -0.9944232 0.0613293 0.08557009 -0.9944663 0.06094771 0.08575946 -0.9944342 0.06120288 -0.9703146 -0.09740298 -0.2213645 -0.9703888 -0.09778738 -0.2208691 -0.9703488 -0.09745949 -0.2211894 -0.06848675 0.9890562 -0.1306812 -0.06915873 0.9888373 -0.1319772 -0.06904977 0.9889034 -0.1315388 0.969698 0.0972923 0.2240985 0.9687188 0.09683805 0.2284874 0.9694974 0.09654325 0.2252868 0.04594135 -0.9873154 0.1519792 0.05304968 -0.98781 0.1463459 0.05112636 -0.987581 0.1485592 -0.9562173 -0.09423083 -0.2770726 -0.9583338 -0.1008765 -0.2672458 -0.9570423 -0.09500795 -0.2739409 -0.06188654 0.9776707 -0.2008235 -0.05866754 0.9792179 -0.1941404 -0.05878812 0.9787719 -0.1963405 0.9628853 0.1816043 0.1996791 0.9665243 0.1810217 0.1818295 0.961957 0.1885949 0.197663 0.05316334 -0.8960173 0.4408252 0.03145974 -0.9118105 0.4094045 0.0544818 -0.8987223 0.4351206 -0.9791033 -0.06397968 -0.1930374 -0.9764915 -0.07679617 -0.2014116 -0.9774363 -0.07307332 -0.1981884 0.03590214 0.8924801 -0.449656 0.03788018 0.890667 -0.4530757 0.03681445 0.8910888 -0.4523333 0.8480286 0.2015457 0.4901294 0.8889306 0.1715502 0.4247033 0.8790964 0.1841474 0.4396355 0.09830242 -0.9455059 0.3104114 0.09491783 -0.9641374 0.2478504 0.107948 -0.9471033 0.3022295 -0.8504484 -0.04056406 -0.5244923 -0.8443946 -0.05059623 -0.5333272 -0.8456903 -0.04901283 -0.5314188 0.1554395 0.9716097 -0.1783626 0.1163905 0.9789707 -0.1675401 0.1533363 0.9727783 -0.1737541 0.6841943 -0.03522658 0.7284486 0.6388518 0.009092509 0.7692761 0.6735146 -0.02925652 0.7385948 0.03785103 -0.9768097 -0.2107375 -0.02997231 -0.9869411 -0.1582686 -0.02081924 -0.9845423 -0.1739055 -0.6261166 -0.08416455 -0.7751738 -0.595617 -0.04419398 -0.802052 -0.6192427 -0.08536648 -0.7805454 -0.1035889 0.9711602 0.2147495 -0.08077186 0.9824312 0.1682406 -0.08558201 0.9786922 0.1866477 0.173103 -0.289344 0.9414433 0.0884087 -0.2457484 0.9652935 0.1569575 -0.2856977 0.945379 0.1072919 -0.956223 -0.2722609 0.1822912 -0.9573195 -0.2242973 0.1676949 -0.9606615 -0.2213771 -0.1070742 -0.05983895 -0.9924487 -0.08835232 -0.05865043 -0.9943612 -0.1064066 -0.06176656 -0.9924024 -0.1939982 0.9517675 0.2377048 -0.1879233 0.9541061 0.2331665 -0.1892253 0.9536986 0.2337793 -0.733703 0.09556978 -0.6727157 -0.7374664 0.08973276 -0.6693963 -0.7369505 0.09170919 -0.6696965 -0.8898288 0.05158209 0.45337 -0.8936192 0.06588977 0.4439633 -0.8928656 0.06268572 0.445939 -0.2053597 0.1080254 0.9727065 -0.2081381 0.1049497 0.9724527 -0.2056452 0.1071747 0.9727403 0.777225 0.1119981 0.6191751 0.7893066 0.08984178 0.6073909 0.7880203 0.09741705 0.6078931 0.9732323 0.04385584 -0.2256007 0.9670039 0.07112455 -0.244632 0.9729999 0.05117392 -0.2250607 0.05921012 0.09243631 -0.9939566 0.0838716 0.06493586 -0.9943586 0.06256031 0.08506792 -0.9944092 -0.3261702 0.5120946 -0.7945893 -0.3237401 0.5100724 -0.7968807 -0.3258724 0.5099684 -0.7960776 -0.01797735 0.9958061 0.08970528 -0.03182595 0.9960042 0.08344429 -0.02585494 0.995278 0.0935595 0.4477407 0.4361891 0.7805558 0.4413992 0.4391105 0.7825272 0.4426063 0.4343303 0.7845106 0.6813584 -0.1513077 0.7161402 0.6831527 -0.1431913 0.7160996 0.6764397 -0.1487013 0.7213303 0.493534 -0.8379646 -0.2328941 0.4394321 -0.8525719 -0.2828795 0.4617778 -0.8453379 -0.2686359 0.07068455 -0.4081797 -0.910161 0.04648238 -0.3477749 -0.9364251 0.07222092 -0.3856095 -0.9198312 -0.6514253 -0.1980237 -0.7324151 -0.6515252 -0.1910053 -0.734188 -0.6474115 -0.1949979 -0.7367729 -0.3612567 -0.902296 0.235278 -0.3615624 -0.9057589 0.2210741 -0.3534154 -0.9057383 0.2339566 -0.184889 -0.1986478 0.9624735 -0.1159073 -0.2123655 0.9702919 -0.15838 -0.2002281 0.9668632 0.3123887 0.4513481 0.8358818 0.3055959 0.4485955 0.839865 0.3120846 0.4458277 0.8389524 0.1076861 0.9929519 -0.04949939 0.1283284 0.9910402 -0.03703045 0.1181269 0.9919958 -0.04461365 -0.2759495 0.5262725 -0.8042943 -0.2751097 0.5265451 -0.8044034 -0.2754652 0.5263772 -0.8043918 -0.8275403 0.4696496 -0.3075817 -0.7880124 0.506409 -0.3501237 -0.8065279 0.4850598 -0.3379793 -0.1972585 0.006139218 0.9803323 -0.1774551 -0.08511561 0.9804413 -0.1898735 -0.03295421 0.9812554 0.5529978 -0.7804825 0.2916174 0.5691927 -0.6975787 0.4352053 0.5509909 -0.7464928 0.3730383 0.2594161 0.09636783 -0.9609457 0.266569 0.07556605 -0.960849 0.259541 0.08643043 -0.9618567 -0.1870622 0.9823413 -0.003653466 -0.2447587 0.9634734 -0.1086841 -0.2119417 0.9772804 0.001925408 -0.1412103 0.322721 0.9359011 -0.09469401 0.2913942 0.9519047 -0.115682 0.3113453 0.9432296 0.4407956 -0.865657 0.2373547 0.43796 -0.8679162 0.2343343 0.4402844 -0.8663641 0.2357178 0.1637837 0.009110391 -0.9864543 0.1592637 0.002326607 -0.9872334 0.1567404 0.004440546 -0.9876299 -0.9184256 0.227362 -0.3237298 -0.9388781 0.1790037 -0.2940505 -0.9376198 0.1886004 -0.29206 -0.4419475 -0.06597274 0.8946117 -0.4423554 -0.05546104 0.8951234 -0.4428539 -0.06530964 0.894212 0.9338847 -0.1352503 0.3310088 0.9334468 -0.1378578 0.3311682 0.9335127 -0.1376999 0.331048 0.4779503 0.04841244 -0.8770518 0.4811459 0.06383365 -0.8743135 0.4793306 0.04777669 -0.876333 -0.9204352 0.142373 -0.3640452 -0.9204236 0.1424931 -0.3640274 -0.9204352 0.142373 -0.3640452 -0.4796398 -0.6300475 0.6107258 -0.449087 -0.6142644 0.6488453 -0.4697933 -0.6179722 0.6304005 0.8841317 0.07211619 0.4616387 0.9072925 0.08429032 0.4119657 0.8955391 0.08373266 0.437034 0.1782569 0.7408288 -0.6476088 0.1835552 0.7378872 -0.6494845 0.1810897 0.7346916 -0.6537849 -0.7729711 -0.2007104 -0.6018564 -0.7725187 -0.2018766 -0.602047 -0.7725553 -0.2018117 -0.6020219 -0.4877232 -0.1345702 0.8625642 -0.5098111 -0.237078 0.8269745 -0.4744619 -0.1480088 0.8677438 0.7470133 0.2234807 0.626121 0.7452231 0.2280787 0.6265962 0.7452561 0.227319 0.6268328 0.4943391 0.1987146 -0.8462515 0.5412212 0.1548458 -0.8265001 0.4916653 0.1926265 -0.8492116 -0.2239913 0.9736931 -0.0418303 -0.1841696 0.9316256 0.3132978 0.0236302 0.9960561 0.08552098 0.0294575 0.8901512 0.4547123 0.9093576 -0.052248 -0.4127213 -0.6670951 0.7358229 0.1163995 -0.6670961 0.7345935 0.1239163 -0.6663346 0.7361139 0.1188895 -0.3964235 0.9133087 0.09335798 0.9485404 0.2881313 -0.1313453 0.9485404 0.2881313 -0.1313455 -0.3695763 -0.2151955 0.9039382 -0.368714 -0.1416795 0.9186822 -0.3733483 -0.2021337 0.9054023 -0.7703639 -0.5449819 -0.3309597 -0.7641134 -0.5635436 -0.3139259 -0.7666344 -0.559691 -0.3146711 0.7388408 0.5891252 0.3271787 0.7327723 0.5937064 0.332502 0.7337221 0.5926209 0.3323439 0.2746483 0.1507902 -0.9496477 0.2800849 0.1448792 -0.9489797 0.2796558 0.1448503 -0.9491108 -0.344026 -0.02909576 0.9385092 -0.3419405 -0.03085237 0.939215 -0.3435159 -0.02916908 0.9386938 -0.5427718 -0.8180237 -0.190358 -0.5384163 -0.8209742 -0.1900248 -0.5386241 -0.8208866 -0.1898139 0.5079157 0.8342483 0.214596 0.4780589 0.8521858 0.2126953 0.4817033 0.8491656 0.2165176 0.2771503 0.04781913 -0.9596359 0.3157303 0.03394043 -0.9482418 0.2807456 0.04186397 -0.9588689 0.4300922 0.07069563 0.9000127 0.5203888 -0.5816868 0.6251688 -0.1249012 -0.8584406 0.4974731 -0.6139987 -0.3770996 0.6933985 -0.2709921 0.1971352 0.9421789 0.6139967 0.3770993 -0.6934005 0.2709972 -0.1971297 -0.9421786 -0.4300875 -0.07069081 -0.9000153 -0.520385 0.5816878 -0.625171 0.1249005 0.8584399 -0.4974745 0.7123254 0.5426335 0.4451308 0.858419 -0.5129492 4.39156e-4 -0.1856719 -0.9607398 -0.2061676 -0.9770475 -0.1819187 0.110832 -0.4220564 0.7472131 0.5133624 0.9770463 0.1819242 -0.1108341 0.4220589 -0.7472128 -0.5133609 -0.7123268 -0.5426323 -0.4451301 -0.8584217 0.5129446 -4.38497e-4 0.1856718 0.9607396 0.2061687 -0.04688203 0.7567793 0.6519871 -0.1366133 0.130414 0.9820026 0.4406579 -0.2698432 0.8561574 0.8871607 0.1091445 0.4483675 0.5858403 0.7436322 0.3221837 -0.8871606 -0.1091454 -0.4483677 -0.5858404 -0.7436323 -0.3221834 0.04689311 -0.756776 -0.6519901 0.1366149 -0.1304152 -0.9820022 -0.4406576 0.2698431 -0.8561575 -0.5540626 0.8181626 0.1537034 -0.6992519 -0.1953175 0.6876757 0.2347914 -0.842951 0.4840524 0.9572513 -0.2297326 -0.1757636 0.4697065 0.7968888 -0.3799263 -0.9572524 0.2297301 0.1757612 -0.4697068 -0.7968887 0.3799261 0.5540667 -0.8181576 -0.1537153 0.6992514 0.1953199 -0.6876756 -0.2347912 0.8429508 -0.4840527 -0.7235121 0.6550018 0.217952 -0.8989005 -7.67727e-4 0.4381522 -0.8919335 -0.4332309 -0.1294831 -0.712237 -0.04473507 -0.7005122 -0.6081459 0.627826 -0.4857913 0.7122383 0.04474115 0.7005105 0.6081457 -0.6278302 0.4857861 0.7235093 -0.655005 -0.2179513 0.8988996 7.70536e-4 -0.438154 0.8919316 0.4332349 0.1294819 -0.1107798 0.837573 0.5349761 -0.3945527 -0.2234925 0.8912797 -0.3832755 -0.9232343 -0.02717268 -0.09252989 -0.2946351 -0.9511196 0.0758866 0.7936043 -0.6036832 0.09252923 0.2946347 0.9511197 -0.07588702 -0.7936034 0.6036843 0.1107794 -0.8375738 -0.5349749 0.3945571 0.2234918 -0.8912778 0.3832747 0.9232347 0.02717179 -0.1716609 0.5736615 -0.8009027 -0.2346943 -0.1180227 -0.9648779 0.3846482 -0.4381213 -0.8124627 0.8304592 0.05573374 -0.5542845 0.4866253 0.6810468 -0.5471481 -0.8304597 -0.05573421 0.5542838 -0.4866243 -0.681047 0.547149 0.1716596 -0.5736607 0.8009034 0.2346923 0.1180214 0.9648785 -0.3846495 0.4381206 0.8124625 -0.6357952 0.7197232 -0.2788602 -0.7377761 -0.3994495 -0.5441752 0.264333 -0.9173814 -0.2975559 0.9856773 -0.1183026 0.1201872 0.4293435 0.8934795 0.131752 -0.9856777 0.1183012 -0.1201849 -0.4293432 -0.89348 -0.1317504 0.6357971 -0.7197211 0.2788615 0.7377757 0.3994484 0.5441765 -0.2643332 0.9173813 0.2975559 0.6480334 -0.1518517 -0.7463202 0.7242853 -0.6470632 -0.2381598 0.09884554 -0.9819937 -0.1609906 -0.3639323 -0.6937859 -0.6214616 -0.02452117 -0.1807234 -0.9832283 0.3639497 0.6937721 0.6214668 0.02453768 0.1807217 0.9832282 -0.6480252 0.1518619 0.7463253 -0.7242839 0.647063 0.2381646 -0.09883975 0.9819928 0.1609997 0.7492941 0.488214 -0.4474433 0.8726702 -0.3130391 0.3747709 -0.139297 -0.8549585 0.4996423 -0.8881144 -0.388612 -0.2454255 -0.3389433 0.4415228 -0.8307678 0.8881186 0.3886086 0.2454155 0.3389354 -0.4415268 0.8307688 -0.7492796 -0.4882241 0.4474565 -0.8726662 0.3130404 -0.3747792 0.1393095 0.8549603 -0.4996358 0.7219505 -0.4096477 -0.5576524 0.1164617 -0.7836865 -0.610141 -0.06875348 -0.9966022 0.04535371 0.4222774 -0.7541388 0.5029479 0.9109594 -0.3913829 0.1302781 -0.4222853 0.7541469 -0.5029292 -0.910961 0.3913829 -0.1302675 -0.7219588 0.4096478 0.5576416 -0.1164795 0.7836965 0.6101249 0.06872314 0.9966049 -0.04534345 0.5869224 0.2590811 -0.7670719 -0.3927859 -0.3461422 -0.8520005 -0.6924598 -0.6906445 0.2085896 0.1020314 -0.2983276 0.9489943 0.8927364 0.2886329 0.3459954 -0.1020318 0.2983266 -0.9489947 -0.892733 -0.2886331 -0.3460041 -0.5869175 -0.2590824 0.7670751 0.3927862 0.3461439 0.8519997 0.6924732 0.6906302 -0.2085924 -0.7026783 0.3496987 -0.6196403 -0.7036246 0.349074 -0.6189184 -0.7089433 0.3496598 -0.6124848 -0.5617722 0.7899043 0.2458925 -0.5618209 0.7890839 0.2484024 -0.5762832 0.7774348 0.2519776 0.06334096 0.4414781 0.8950336 0.0910781 0.4529575 0.8868678 0.09894943 0.4533502 0.8858233 0.7205359 -0.3379501 0.6054896 0.7216094 -0.3375592 0.6044285 0.7217609 -0.3374524 0.6043071 0.6453548 -0.738257 -0.1961985 0.6418801 -0.7413635 -0.195883 0.6167321 -0.7592452 -0.2078182 -0.1105221 -0.4409076 -0.8907218 -0.09799897 -0.4317923 -0.8966335 -0.09806483 -0.4302264 -0.8973788 -0.8167687 0.08313477 -0.5709445 -0.807677 0.1058866 -0.5800396 -0.8087711 0.1080684 -0.5781097 -0.8983805 0.3449596 0.2718742 -0.8998418 0.3426746 0.269924 -0.9008401 0.318045 0.2955242 -0.1011093 0.2750255 0.9561057 -0.09470677 0.2809855 0.9550277 -0.1125152 0.3449784 0.9318425 0.8839402 -0.1379476 0.446789 0.8865012 -0.1345965 0.4427182 0.8851229 -0.08775091 0.4570093 0.7713599 -0.3531834 -0.529401 0.7703685 -0.3501729 -0.5328335 0.7939653 -0.3154146 -0.5197432 0.1311819 -0.2966068 -0.9459471 0.141146 -0.2713488 -0.9520754 0.1391537 -0.2698987 -0.9527807 -0.8185603 0.002110302 -0.574417 -0.8187231 0.00218898 -0.5741846 -0.8221385 -0.00490576 -0.5692664 -0.8397353 0.5010286 0.20932 -0.8285409 0.52182 0.2030366 -0.8263537 0.524764 0.2043587 0.08176541 0.641536 0.7627229 0.004506409 0.5976201 0.8017668 0.007967948 0.5885896 0.8083928 0.8442791 0.05188792 0.533386 0.8352338 0.0458914 0.547977 0.8348834 0.04384225 0.5486781 0.819325 -0.5375357 -0.1994045 0.8215144 -0.528349 -0.2143863 0.8215276 -0.5276358 -0.2160853 0.0853632 -0.5908275 -0.8022692 0.08103221 -0.5945488 -0.799966 0.03310638 -0.613556 -0.788957 -0.7736399 -0.1814793 -0.6070805 -0.7823375 -0.1581535 -0.6024413 -0.6807532 -0.08038735 -0.7280885 -0.9146451 0.3299384 0.2335918 -0.9101774 0.3536534 0.215654 -0.9087669 0.3559289 0.2178474 -0.07538694 0.5355932 0.8411045 -0.06281745 0.5437558 0.8368893 -0.1221585 0.6375675 0.7606478 0.7934622 0.1685091 0.584827 0.803356 0.1717194 0.5702033 0.758399 0.3284083 0.5630091 0.8821547 -0.3668044 -0.2953943 0.8815338 -0.3670519 -0.2969363 0.8926848 -0.3399665 -0.295866 -0.1217204 -0.4675092 -0.8755681 -0.1257997 -0.4633436 -0.8772041 -0.08034116 -0.4303563 -0.8990767 -0.7386126 -0.5835599 -0.3375048 -0.7394061 -0.5829185 -0.3368748 -0.73688 -0.5728707 -0.3589249 -0.9389499 -0.02437663 0.3431893 -0.9396762 -0.01618522 0.3416822 -0.9655061 -0.00516349 0.2603294 -0.1360934 0.6716346 0.7282757 -0.1359895 0.6715843 0.7283416 -0.1339483 0.6678894 0.7321077 0.6523928 0.6397414 0.4063431 0.6525998 0.6459714 0.3960236 0.6527628 0.6463444 0.3951454 0.9460704 0.004951238 -0.3239233 0.9359046 0.01783502 -0.3518018 0.9345393 0.01781409 -0.3554141 0.2064834 -0.6328782 -0.7462103 0.2015133 -0.6201143 -0.7581892 0.2003073 -0.6200773 -0.7585388 -0.7739266 -0.1488966 -0.615522 -0.7697225 -0.1553167 -0.6191963 -0.769702 -0.1559852 -0.6190539 -0.9273729 -0.1253921 0.3525001 -0.9277086 -0.1291589 0.3502495 -0.9276285 -0.1294888 0.35034 -0.03653085 0.04673582 0.9982392 -0.03493785 0.04871577 0.9982015 -0.05629903 0.07302135 0.9957401 0.7638824 0.1862307 0.6179011 0.7641404 0.1854279 0.6178236 0.7705317 0.1787196 0.6118336 0.9209069 0.1969994 -0.3363358 0.9203283 0.1987154 -0.3369094 0.9204509 0.2154051 -0.3261455 0.1085704 -0.001233816 -0.9940881 0.09025758 0.00729382 -0.9958918 0.1696918 0.1617838 -0.972127 -0.6790013 -0.3373221 -0.6520515 -0.6822441 -0.3359562 -0.6493662 -0.6828001 -0.3355744 -0.6489791 -0.6874676 -0.7062782 0.1689951 -0.6833645 -0.7101957 0.1692193 -0.6542952 -0.7327642 0.1869612 0.07406049 -0.3468546 0.9349904 0.07376754 -0.3458968 0.9353683 0.05674463 -0.3421102 0.937945 0.6737256 0.366434 0.641732 0.6733264 0.366832 0.6419237 0.6667989 0.3685367 0.6477345 0.5939984 0.7632271 -0.2542645 0.5936458 0.7617528 -0.2594559 0.6155452 0.7435219 -0.2613033 -0.01516312 0.4110182 -0.9115011 -0.03696829 0.4195524 -0.9069781 -0.04223322 0.4203569 -0.9063755 -0.8276651 -0.1032696 -0.5516393 -0.8277041 -0.09963697 -0.5522485 -0.8193448 -0.07554382 -0.5683022 -0.889997 -0.1919054 0.4136155 -0.8894774 -0.1854286 0.4176677 -0.9113854 -0.1307665 0.3902267 -0.1743887 -0.0907011 0.9804907 -0.1761804 -0.0975852 0.9795088 -0.1763128 -0.09840124 0.9794034 0.8062 0.06041991 0.5885502 0.8181305 0.09516012 0.5671041 0.8168607 0.1008174 0.5679565 0.9007436 0.2009002 -0.3850977 0.8999915 0.202972 -0.3857693 0.8999078 0.2170379 -0.3782334 0.1835413 0.07885003 -0.9798446 0.1765787 0.0905897 -0.980109 0.175062 0.09238761 -0.9802132 -0.8189348 0.2036101 -0.5365527 -0.8191246 0.2075799 -0.5347387 -0.8011754 0.2365331 -0.5497 -0.9589214 0.07740855 0.2729061 -0.9478476 0.1277367 0.2920076 -0.9444245 0.1317873 0.3011552 -0.1005258 0.05842649 0.9932175 -0.1509414 0.005266904 0.9885287 -0.1476995 -0.002449393 0.9890294 0.8305543 -0.1399312 0.5390723 0.8308271 -0.1390925 0.5388688 0.8290171 -0.1277345 0.5444396 0.9274361 -0.1790704 -0.328323 0.9292752 -0.1529598 -0.3362305 0.9286877 -0.1502818 -0.3390495 0.2380113 0.026519 -0.9709004 0.2347934 0.02177256 -0.9718014 0.1925212 -0.007202684 -0.9812664 -0.7316769 -0.1092004 -0.6728479 -0.7234582 -0.1190683 -0.6800228 -0.7454838 -0.2282251 -0.6262326 -0.9425456 -0.117322 0.3127993 -0.9434078 -0.1402649 0.3005121 -0.9426253 -0.1429198 0.3017147 -0.1640911 0.006372332 0.9864247 -0.1605927 0.01455897 0.9869134 -0.2144802 0.07059597 0.9741737 0.7376675 0.1946821 0.6464872 0.7503422 0.1347922 0.6471614 0.7458627 0.1308861 0.6531139 0.9348499 0.2196508 -0.278943 0.9563657 0.1652449 -0.2409541 0.9564625 0.1592389 -0.2445866 0.04268121 0.01495456 -0.9989768 0.03978997 0.01639574 -0.9990736 0.05623143 0.05230164 -0.997047 0.1916351 0.1187881 -0.9742512 0.1908156 0.1184143 -0.9744575 0.1901311 0.11838 -0.9745956 -0.4564193 -0.8680222 -0.1954969 -0.4561536 -0.868218 -0.1952473 -0.4559428 -0.8684527 -0.1946948 -0.2548044 -0.08300542 0.9634235 -0.2548969 -0.08301019 0.9633986 -0.2550238 -0.08306759 0.9633602 0.387051 0.9041313 0.1809365 0.3872057 0.9039894 0.1813148 0.3874427 0.9038454 0.1815257 0.2243605 0.2394533 -0.9446293 0.2337521 0.2425394 -0.9415596 0.2376035 0.2414264 -0.9408814 -0.4453536 -0.8301425 -0.3354454 -0.4460939 -0.8295776 -0.335859 -0.4476994 -0.8275861 -0.3386246 -0.2814393 -0.2373417 0.9297639 -0.283188 -0.2319335 0.9305974 -0.2956023 -0.2250445 0.9284257 0.4026641 0.8615072 0.3093006 0.4078443 0.8548018 0.3209001 0.4122948 0.851816 0.3231446 -0.09205943 0.6055343 -0.7904766 -0.1065334 0.6086499 -0.7862545 -0.1196281 0.6618958 -0.7399886 -0.825573 -0.4977535 -0.26584 -0.8353041 -0.4841948 -0.260428 -0.8364081 -0.4833677 -0.258413 0.1902006 -0.614011 0.7660381 0.1494785 -0.5990841 0.7866094 0.1516758 -0.5890962 0.7937003 0.8452355 0.4502111 0.2879013 0.8454172 0.4499699 0.2877448 0.8478692 0.4465427 0.2858625 -0.7288488 0.6619639 -0.1748808 -0.7287366 0.6623469 -0.1738953 -0.7284505 0.6628221 -0.1732825 -0.3086223 -0.09307259 0.9466202 -0.3087759 -0.09306567 0.9465708 -0.3088869 -0.09311425 0.9465299 0.7756814 -0.6001083 0.1954184 0.7757855 -0.5998887 0.19568 0.7758255 -0.599677 0.1961691 0.3596362 0.1567348 -0.9198348 0.3589574 0.1564621 -0.9201463 0.3578584 0.1565419 -0.9205607 -0.2162092 0.9590341 -0.18305 -0.2070481 0.9614635 -0.1808842 -0.2061838 0.9618334 -0.1799024 -0.5899709 -0.002538979 0.8074206 -0.5901722 -0.002722144 0.8072729 -0.5904698 -0.00357908 0.8070518 0.237048 -0.9564076 0.1705659 0.2407515 -0.9554558 0.1707134 0.2422677 -0.9550098 0.1710636 0.6007882 0.01769793 -0.7992124 0.6015948 0.01771187 -0.7986052 0.605687 0.01542991 -0.7955533 -0.3591686 0.8700991 -0.3375286 -0.3490431 0.8749369 -0.3356401 -0.3475569 0.876136 -0.3340508 -0.6927385 -0.02228355 0.7208446 -0.6888387 -0.02216315 0.7245758 -0.6866089 -0.02172505 0.7267023 0.4074932 -0.8532516 0.3254399 0.4103181 -0.8510873 0.3275508 0.4084949 -0.840916 0.3549539 0.6631653 0.09996455 -0.7417674 0.6679656 0.1029859 -0.7370318 0.6884357 0.09506851 -0.7190397 -0.778405 0.4233436 -0.4635362 -0.7679106 0.4345929 -0.4705767 -0.7355793 0.4561259 -0.5008715 -0.5029402 0.2407373 0.8301185 -0.461245 0.2834823 0.840768 -0.4619675 0.2969541 0.8357059 0.695727 -0.4511646 0.5589405 0.7248042 -0.4374999 0.5322148 0.7305673 -0.428976 0.5312729 0.4416532 -0.3097337 -0.8420258 0.4354701 -0.285371 -0.8537736 0.4385196 -0.2777673 -0.8547198 -0.8641384 0.04899269 -0.5008639 -0.8689395 0.03943055 -0.4933453 -0.893171 0.01357597 -0.4495124 -0.4328001 0.28237 0.8561258 -0.4277805 0.2894974 0.8562682 -0.4262109 0.2919966 0.8562022 0.9027084 -0.0559048 0.4266057 0.9026102 -0.05398213 0.4270606 0.9066825 -0.04065102 0.4198505 0.3973725 -0.3114381 -0.8631927 0.3941095 -0.2903779 -0.8719854 0.397072 -0.2865309 -0.871914 -0.9284433 -0.07024627 -0.364772 -0.9284684 -0.07132887 -0.3644979 -0.9296735 -0.07476842 -0.3607172 -0.422674 0.002812743 0.9062775 -0.4147233 0.01851516 0.9097592 -0.4132979 0.02247589 0.9103185 0.9530475 0.1068555 0.2833417 0.9531866 0.1064825 0.2830139 0.9533814 0.09684574 0.2858057 0.4226278 0.03291767 -0.9057055 0.443107 0.01551622 -0.8963345 0.4441528 0.009059786 -0.8959053 -0.9411826 0.2427276 -0.2350721 -0.9411455 0.244372 -0.2335112 -0.9411396 0.2446056 -0.2332907 -0.3187557 -0.810325 0.4916994 -0.3193077 -0.8178018 0.4787932 -0.3161197 -0.8205083 0.4762714 0.9411822 -0.2268092 0.2504671 0.9413046 -0.2257692 0.2509461 0.9413068 -0.2254402 0.2512334 0.3229779 0.8329845 -0.4492464 0.3230873 0.8331977 -0.4487721 0.3243268 0.8338034 -0.4467484 -0.9196559 0.1935327 -0.341728 -0.9198362 0.1941682 -0.3408812 -0.919871 0.194235 -0.3407493 -0.2584817 -0.9418722 0.2146252 -0.2646366 -0.9427271 0.2030597 -0.2642266 -0.9437493 0.1988012 0.9118611 -0.1726348 0.3724334 0.9111427 -0.1725208 0.3742401 0.9069328 -0.1768699 0.3823478 0.2225508 0.9588366 -0.1763625 0.2224298 0.9591991 -0.1745343 0.2254004 0.9597741 -0.167417 -0.7506503 -0.01014244 -0.660622 -0.7313041 -0.00533235 -0.6820308 -0.7259154 -0.01011526 -0.6877097 -0.4266669 -0.7653866 0.4818078 -0.4261391 -0.7658817 0.481488 -0.4235086 -0.7706928 0.4761022 0.6897089 0.009999513 0.7240177 0.693659 0.008096992 0.7202581 0.7109048 0.01171422 0.7031908 0.3776247 0.8129999 -0.4432054 0.3888887 0.8039571 -0.4499098 0.3887937 0.8015947 -0.4541866 -0.7550826 -8.44501e-4 -0.6556292 -0.7550299 -3.49316e-4 -0.6556904 -0.754018 0.001206338 -0.6568527 -0.6992474 -0.03505516 0.7140197 -0.69646 -0.04825967 0.7159711 -0.696895 -0.04944753 0.7154666 0.740075 0.02445983 0.6720795 0.7382562 0.01933157 0.6742435 0.7379919 0.01776242 0.6745758 0.6844412 0.0309357 -0.7284116 0.6825329 0.03480714 -0.7300257 0.6845437 0.05191677 -0.7271207 -0.7145637 -0.2171717 -0.6650077 -0.7147495 -0.2149348 -0.6655346 -0.724689 -0.1996452 -0.6595209 -0.6281256 -0.361584 0.6889958 -0.6280164 -0.3571584 0.6913996 -0.6282954 -0.3556399 0.6919287 0.6683309 0.2390857 0.7043948 0.6743237 0.2318331 0.7010999 0.7076264 0.2138448 0.6734504 0.6770063 0.3644732 -0.6393917 0.6652993 0.3759767 -0.644995 0.6625622 0.3794902 -0.6457543 0.9846976 0.09274435 0.147544 0.9846705 0.09266829 0.1477723 0.9846488 0.09225654 0.1481737 0.08402574 -0.9946829 0.05954712 0.08429479 -0.9946414 0.05985885 0.08434498 -0.9946246 0.06006675 -0.9704627 -0.09889692 -0.2200491 -0.9704284 -0.09870523 -0.2202863 -0.970405 -0.09865987 -0.2204098 -0.07265716 0.988141 -0.1352717 -0.07253122 0.9882327 -0.1346681 -0.07156604 0.9884601 -0.1335105 0.9679597 0.1035838 0.2287459 0.9681435 0.1038068 0.2278648 0.9681826 0.1038949 0.2276581 0.07894462 -0.9873159 0.1377499 0.07653295 -0.9870703 0.1408371 0.06799185 -0.9870958 0.1449792 -0.9600533 -0.1163961 -0.2544597 -0.9591986 -0.1138551 -0.2587954 -0.9586074 -0.1131382 -0.2612884 -0.04695248 0.9817421 -0.1843314 -0.04707026 0.9815313 -0.1854209 -0.04896736 0.9807785 -0.1888805 0.9914858 -0.06530731 0.1126546 0.9812171 -0.003305971 0.1928789 0.9746464 -0.01827704 0.2230033 -0.05117756 -0.9371899 0.3450449 -0.02780747 -0.9274361 0.3729463 -0.02893781 -0.9215341 0.3872178 -0.9710415 -0.1234689 -0.2045338 -0.9724709 -0.1190272 -0.2003322 -0.9756456 -0.1005302 -0.1949599 0.04338973 0.8932811 -0.4473996 0.04322898 0.8933649 -0.4472478 0.04262202 0.8938119 -0.4464122 0.846282 0.06130272 0.5291965 0.8432473 0.05980587 0.5341884 0.8299047 0.07664668 0.5526151 -0.02604049 -0.9963034 0.08186161 0.002794802 -0.9864625 0.1639629 -0.01175743 -0.9831055 0.1826616 -0.8369323 -0.0896247 -0.5399183 -0.8392633 -0.0874617 -0.5366446 -0.8460884 -0.07090491 -0.5283058 0.007417082 0.9824571 -0.1863415 0.05148494 0.9799874 -0.1922864 0.05913609 0.9775782 -0.2020988 0.5988914 0.1000695 0.7945534 0.617477 0.09304338 0.7810667 0.6262863 0.08741676 0.7746766 0.09202045 -0.9891809 -0.114251 0.0960412 -0.9887974 -0.1142617 0.1061121 -0.98536 -0.1334385 -0.56266 0.114721 -0.8186897 -0.5965591 0.05359113 -0.800778 -0.6104929 0.0518493 -0.7903228 -0.1425732 0.9894601 -0.02533257 -0.1483636 0.9889163 -0.005738854 -0.1567329 0.9838809 0.08609986 0.03183746 -0.1592448 0.9867256 0.08238166 -0.1753942 0.9810455 0.09390372 -0.1802747 0.9791237 0.2292255 -0.9668419 -0.112573 0.2214465 -0.9690166 -0.1094003 0.1700797 -0.9742407 -0.1480816 -0.0426135 0.07710152 -0.9961122 -0.09401988 0.03521394 -0.9949474 -0.1046572 0.03999835 -0.9937038 -0.1823252 0.9600173 0.212425 -0.1844038 0.9594516 0.2131851 -0.1908833 0.9562067 0.2218834 -0.7472782 0.08413749 -0.6591633 -0.7470464 0.0849415 -0.6593229 -0.7450211 0.08801144 -0.6612092 -0.9161531 0.09503453 0.3893997 -0.9155812 0.08958315 0.3920281 -0.9099961 0.07409024 0.4079435 -0.2146232 0.1020137 0.9713548 -0.2134754 0.1034852 0.9714521 -0.2132183 0.1040391 0.9714493 0.8202448 0.06590461 0.5682033 0.8198382 0.06917029 0.5684021 0.8132727 0.08095389 0.576224 0.9171463 0.1397541 -0.3732445 0.9333587 0.1117407 -0.3411095 0.9355735 0.09408259 -0.3403685 0.1369634 0.03829628 -0.9898356 0.127962 0.05206376 -0.9904116 0.1248974 0.05761939 -0.9904952 -0.2062447 0.5916188 -0.7793911 -0.2320114 0.5961208 -0.7686421 -0.2373924 0.6190224 -0.7486361 0.008055984 0.990284 -0.1388263 0.04863321 0.9957126 -0.07868474 0.09954398 0.9916977 -0.08140528 0.4427371 0.6300166 0.6380148 0.4763374 0.5982915 0.6443213 0.5248118 0.6030212 0.6007813 0.866334 -0.1286205 0.4826202 0.8181055 -0.1843515 0.5447182 0.8231937 -0.239909 0.5145832 0.3811205 -0.915663 -0.1277057 0.3839877 -0.9155726 -0.1195007 0.4037032 -0.9085196 -0.1077784 -0.08542382 -0.3851512 -0.9188914 -0.08679479 -0.3970724 -0.9136739 -0.08194416 -0.4021989 -0.9118779 -0.8226188 -0.1192346 -0.5559509 -0.7922171 -0.1766169 -0.5841223 -0.8083043 -0.2202525 -0.5460157 -0.616573 -0.7791533 0.1129509 -0.5628926 -0.8009516 0.2040307 -0.5773046 -0.7813735 0.2370123 0.00199455 -0.2147017 0.9766777 -0.04068005 -0.2048783 0.9779418 -0.08744317 -0.2112416 0.9735147 0.1348158 0.620709 0.7723633 0.1959447 0.6144359 0.7642475 0.2171198 0.6502135 0.7280669 0.1932283 0.9811038 -0.009907364 0.1829153 0.9829685 -0.01774489 0.1669024 0.9856983 -0.02329117 -0.2758149 0.5505648 -0.7879115 -0.2803589 0.5469768 -0.7888062 -0.2865902 0.5477296 -0.7860397 -0.7898384 0.559475 -0.2512827 -0.7929805 0.5574644 -0.2457954 -0.7996035 0.5498521 -0.2414478 -0.1355366 -0.2871059 0.9482616 -0.1515229 -0.2457401 0.9574198 -0.1612057 -0.2068596 0.9649984 0.7277018 -0.6214066 0.2903516 0.7346556 -0.6218025 0.2713723 0.7236543 -0.63901 0.2607504 0.2973527 0.0921666 -0.9503087 0.2965031 0.09554022 -0.950241 0.2957944 0.09748369 -0.9502645 -0.3586766 0.880645 -0.3095408 -0.3316065 0.9097111 -0.2499261 -0.2899649 0.9252615 -0.2445639 -0.1987069 0.1736978 0.9645438 -0.2097538 0.1772566 0.9615526 -0.2166856 0.185709 0.9584151 0.4332588 -0.8686307 0.2403491 0.4336295 -0.8682925 0.2409018 0.4338406 -0.8681037 0.2412018 0.2882293 -0.1044384 -0.9518491 0.2913773 -0.07355469 -0.9537762 0.3553053 -0.05329519 -0.9332298 -0.9660886 0.1476088 -0.2118597 -0.965745 0.1519981 -0.210317 -0.9575832 0.179827 -0.2251596 -0.3502576 -0.01641601 0.9365096 -0.376012 -0.05346167 0.9250712 -0.3730461 -0.06043428 0.9258425 0.924817 -0.1342899 0.355921 0.9254159 -0.1320543 0.3552002 0.9238996 -0.1193036 0.3635604 0.374659 0.1492401 -0.9150727 0.396333 0.09126675 -0.9135593 0.3902841 0.08391445 -0.9168625 -0.9221097 0.1432344 -0.3594409 -0.9218295 0.1421952 -0.3605705 -0.9220033 0.14149 -0.3604034 -0.3831879 -0.6946443 0.6087992 -0.3862854 -0.6984233 0.6024854 -0.3924123 -0.7000493 0.5966101 0.9137292 -0.05941128 0.4019567 0.9095977 -0.06417173 0.4105048 0.9052103 -0.0635482 0.4201858 0.3330734 0.8102995 -0.4821587 0.2897503 0.8228881 -0.488774 0.2698746 0.8709863 -0.4105493 -0.7696037 -0.1992627 -0.6066338 -0.7699325 -0.1987689 -0.6063786 -0.7699292 -0.1951019 -0.6075724 -0.6597945 -0.3656296 0.6564955 -0.6167428 -0.2570715 0.7440044 -0.6300984 -0.2346103 0.7402257 0.7521336 0.2263089 0.618934 0.7521451 0.2261886 0.618964 0.7527029 0.2241081 0.6190429 0.6882759 0.1377101 -0.7122585 0.6253308 0.1829182 -0.7586187 0.6232911 0.1971806 -0.756722 0.2263689 0.6243447 0.7476302 0.3359394 0.7347351 0.5893295 0.01713293 0.8249503 0.5649456 -0.6636077 0.7353464 0.1374436 -0.6636387 0.7357723 0.1349925 -0.6660087 0.734492 0.1302083 -0.328395 -0.0798732 0.9411574 -0.3232096 -0.1161866 0.9391679 -0.3229181 -0.1233409 0.9383555 -0.769676 -0.5791715 -0.2686249 -0.7704584 -0.5781484 -0.2685858 -0.774663 -0.56859 -0.276772 0.7256679 0.5941294 0.3470107 0.7258617 0.5939016 0.3469952 0.7297542 0.5908943 0.3439518 0.3043906 0.1739203 -0.9365352 0.3005015 0.1758137 -0.9374372 0.2929428 0.1955059 -0.9359284 -0.3439292 -0.0342375 0.9383713 -0.3446151 -0.03390616 0.9381315 -0.3446781 -0.03388994 0.938109 -0.53393 -0.8155674 -0.2230892 -0.5374323 -0.8135639 -0.2219918 -0.5492835 -0.8028939 -0.2316232 0.5083631 0.8419848 0.1806344 0.5087915 0.8417778 0.1803925 0.5129581 0.8385351 0.1836657 0.3269808 0.0660535 -0.9427198 0.3224179 0.07202458 -0.9438534 0.3219056 0.07172405 -0.9440512</float_array>
          <technique_common>
            <accessor source="#Tree_lp_11-mesh-normals-array" count="1253" stride="3">
              <param name="X" type="float"/>
              <param name="Y" type="float"/>
              <param name="Z" type="float"/>
            </accessor>
          </technique_common>
        </source>
        <source id="Tree_lp_11-mesh-map-0">
          <float_array id="Tree_lp_11-mesh-map-0-array" count="3000">0.175435 0.1635659 0.202202 0.288261 0.150245 0.289632 0.25416 0.285937 0.227393 0.1635659 0.279351 0.1635659 0.331308 0.1635659 0.25416 0.285937 0.279351 0.1635659 0.383266 0.1635659 0.306118 0.289632 0.331308 0.1635659 0.383266 0.1635659 0.410033 0.285937 0.358075 0.288261 0.487181 0.1635659 0.410033 0.285937 0.435223 0.1635659 0.202202 0.288261 0.1208299 0.437733 0.150245 0.289632 0.224745 0.434466 0.202202 0.288261 0.25416 0.285937 0.276703 0.437733 0.25416 0.285937 0.306118 0.289632 0.306118 0.289632 0.32866 0.435765 0.276703 0.437733 0.358075 0.288261 0.380618 0.434466 0.32866 0.435765 0.46199 0.289632 0.380618 0.434466 0.410033 0.285937 0.144204 0.574706 0.1208299 0.437733 0.172788 0.435765 0.224745 0.434466 0.144204 0.574706 0.172788 0.435765 0.276703 0.437733 0.196162 0.579905 0.224745 0.434466 0.32866 0.435765 0.24812 0.576682 0.276703 0.437733 0.380618 0.434466 0.300077 0.574706 0.32866 0.435765 0.380618 0.434466 0.403993 0.576682 0.352035 0.579905 0.11652 0.717314 0.09224677 0.576682 0.144204 0.574706 0.196162 0.579905 0.11652 0.717314 0.144204 0.574706 0.220436 0.714772 0.196162 0.579905 0.24812 0.576682 0.272393 0.717314 0.24812 0.576682 0.300077 0.574706 0.300077 0.574706 0.324351 0.716962 0.272393 0.717314 0.352035 0.579905 0.376309 0.714772 0.324351 0.716962 0.06456285 0.714772 0.08749216 0.86143 0.03553456 0.86116 0.13945 0.865035 0.11652 0.717314 0.168478 0.716962 0.191408 0.86116 0.168478 0.716962 0.220436 0.714772 0.272393 0.717314 0.191408 0.86116 0.220436 0.714772 0.324351 0.716962 0.243365 0.86143 0.272393 0.717314 0.376309 0.714772 0.295323 0.865035 0.324351 0.716962 0.08749216 0.86143 0.00999999 0.99 0.03553456 0.86116 0.13945 0.865035 0.06195759 0.988661 0.08749216 0.86143 0.13945 0.865035 0.165873 0.99 0.113915 0.98979 0.191408 0.86116 0.217831 0.988661 0.165873 0.99 0.269788 0.98979 0.243365 0.86143 0.295323 0.865035 0.321746 0.99 0.295323 0.865035 0.34728 0.86116 0.227375 0.163655 0.149675 0.290455 0.175418 0.163655 0.227375 0.163655 0.25359 0.288954 0.201632 0.292434 0.279333 0.163655 0.305548 0.290455 0.25359 0.288954 0.33129 0.163655 0.357505 0.292434 0.305548 0.290455 0.409463 0.288954 0.383248 0.163655 0.435206 0.163655 0.487163 0.163655 0.409463 0.288954 0.435206 0.163655 0.173259 0.433 0.149675 0.290455 0.201632 0.292434 0.225217 0.432648 0.201632 0.292434 0.25359 0.288954 0.225217 0.432648 0.305548 0.290455 0.277175 0.437702 0.277175 0.437702 0.357505 0.292434 0.329132 0.433 0.38109 0.432648 0.357505 0.292434 0.409463 0.288954 0.461421 0.290455 0.38109 0.432648 0.409463 0.288954 0.1443679 0.572834 0.121302 0.437702 0.173259 0.433 0.225217 0.432648 0.1443679 0.572834 0.173259 0.433 0.277175 0.437702 0.196326 0.579962 0.225217 0.432648 0.277175 0.437702 0.300241 0.572834 0.248283 0.57602 0.38109 0.432648 0.300241 0.572834 0.329132 0.433 0.38109 0.432648 0.404156 0.57602 0.352199 0.579962 0.0924105 0.57602 0.117582 0.713252 0.06562465 0.709654 0.196326 0.579962 0.117582 0.713252 0.1443679 0.572834 0.221498 0.709654 0.196326 0.579962 0.248283 0.57602 0.221498 0.709654 0.300241 0.572834 0.273455 0.713252 0.352199 0.579962 0.273455 0.713252 0.300241 0.572834 0.352199 0.579962 0.37737 0.709654 0.325413 0.711774 0.52166 0.295987 0.472124 0.333762 0.464568 0.295987 0.52166 0.295987 0.586307 0.333762 0.529215 0.333762 0.578752 0.295987 0.643398 0.333762 0.586307 0.333762 0.692935 0.295987 0.643398 0.333762 0.635843 0.295987 0.560793 0.489959 0.512411 0.531188 0.503702 0.48994 0.560793 0.489959 0.626594 0.531188 0.569502 0.534311 0.683685 0.534311 0.617885 0.48994 0.674977 0.489959 0.732068 0.48994 0.683685 0.534311 0.674977 0.489959 0.578416 0.577857 0.512411 0.531188 0.569502 0.534311 0.626594 0.531188 0.578416 0.577857 0.569502 0.534311 0.683685 0.534311 0.635508 0.576322 0.626594 0.531188 0.749691 0.576322 0.683685 0.534311 0.740777 0.531188 0.452228 0.586489 0.412457 0.619443 0.405866 0.586489 0.498591 0.586489 0.458819 0.619443 0.452228 0.586489 0.498591 0.586489 0.551544 0.619443 0.505182 0.619443 0.544953 0.586489 0.597907 0.619443 0.551544 0.619443 0.472169 0.68619 0.435897 0.733184 0.425806 0.68619 0.472169 0.68619 0.528622 0.733184 0.48226 0.736613 0.564894 0.68619 0.528622 0.733184 0.518531 0.68619 0.564894 0.68619 0.621347 0.733184 0.574985 0.736613 0.48226 0.736613 0.444596 0.779163 0.435897 0.733184 0.528622 0.733184 0.490959 0.777583 0.48226 0.736613 0.528622 0.733184 0.583684 0.777583 0.537321 0.779163 0.574985 0.736613 0.630046 0.779163 0.583684 0.777583 0.500113 0.824583 0.444596 0.779163 0.490959 0.777583 0.500113 0.824583 0.537321 0.779163 0.546476 0.823776 0.546476 0.823776 0.583684 0.777583 0.592838 0.824583 0.592838 0.824583 0.630046 0.779163 0.639201 0.823776 0.453751 0.823776 0.510271 0.875009 0.463908 0.879329 0.546476 0.823776 0.510271 0.875009 0.500113 0.824583 0.546476 0.823776 0.602996 0.875009 0.556633 0.879329 0.602996 0.875009 0.639201 0.823776 0.649358 0.879329 0.463908 0.879329 0.520698 0.924894 0.474336 0.930396 0.556633 0.879329 0.520698 0.924894 0.510271 0.875009 0.613423 0.924894 0.556633 0.879329 0.602996 0.875009 0.649358 0.879329 0.613423 0.924894 0.602996 0.875009 0.471845 0.684572 0.435777 0.733512 0.425483 0.684572 0.518207 0.684572 0.482139 0.735481 0.471845 0.684572 0.56457 0.684572 0.528502 0.733512 0.518207 0.684572 0.56457 0.684572 0.621227 0.733512 0.574864 0.735481 0.482139 0.735481 0.444741 0.779574 0.435777 0.733512 0.528502 0.733512 0.491103 0.778269 0.482139 0.735481 0.528502 0.733512 0.583828 0.778269 0.537466 0.779574 0.574864 0.735481 0.630191 0.779574 0.583828 0.778269 0.491103 0.778269 0.453852 0.824765 0.444741 0.779574 0.546577 0.824765 0.491103 0.778269 0.537466 0.779574 0.537466 0.779574 0.59294 0.824696 0.546577 0.824765 0.630191 0.779574 0.59294 0.824696 0.583828 0.778269 0.510036 0.874687 0.453852 0.824765 0.500215 0.824696 0.510036 0.874687 0.546577 0.824765 0.556398 0.876745 0.556398 0.876745 0.59294 0.824696 0.602761 0.874687 0.649123 0.876745 0.59294 0.824696 0.639302 0.824765 0.463673 0.876745 0.520388 0.922535 0.474026 0.929901 0.556398 0.876745 0.520388 0.922535 0.510036 0.874687 0.556398 0.876745 0.613113 0.922535 0.566751 0.929901 0.649123 0.876745 0.613113 0.922535 0.602761 0.874687 0.521713 0.02354669 0.565551 0.06359946 0.513703 0.06359946 0.62541 0.02354669 0.565551 0.06359946 0.573561 0.02354669 0.677258 0.02354669 0.617399 0.06359946 0.62541 0.02354669 0.677258 0.02354669 0.721096 0.06359946 0.669248 0.06359946 0.565551 0.06359946 0.505604 0.101224 0.513703 0.06359946 0.565551 0.06359946 0.609301 0.101224 0.557452 0.103931 0.669248 0.06359946 0.609301 0.101224 0.617399 0.06359946 0.669248 0.06359946 0.712997 0.101224 0.661149 0.103931 0.557452 0.103931 0.497455 0.144623 0.505604 0.101224 0.609301 0.101224 0.549303 0.138767 0.557452 0.103931 0.609301 0.101224 0.6530001 0.138767 0.601152 0.144623 0.704849 0.144623 0.661149 0.103931 0.712997 0.101224 0.540382 0.187948 0.497455 0.144623 0.549303 0.138767 0.601152 0.144623 0.540382 0.187948 0.549303 0.138767 0.601152 0.144623 0.644079 0.187948 0.59223 0.189567 0.644079 0.187948 0.704849 0.144623 0.695927 0.189567 0.540382 0.187948 0.479241 0.2308959 0.488534 0.189567 0.540382 0.187948 0.582938 0.2308959 0.53109 0.23891 0.644079 0.187948 0.582938 0.2308959 0.59223 0.189567 0.644079 0.187948 0.686635 0.2308959 0.634786 0.23891 0.53109 0.23891 0.469084 0.283809 0.479241 0.2308959 0.572781 0.283809 0.53109 0.23891 0.582938 0.2308959 0.634786 0.23891 0.572781 0.283809 0.582938 0.2308959 0.634786 0.23891 0.676477 0.283809 0.624629 0.28951 0.206149 0.00999999 0.241328 0.102556 0.187637 0.102556 0.258644 0.00999999 0.289964 0.102556 0.241328 0.102556 0.361159 0.00999999 0.289964 0.102556 0.310384 0.00999999 0.361159 0.00999999 0.396386 0.102556 0.342201 0.102556 0.465546 0.00999999 0.396386 0.102556 0.41297 0.00999999 0.517894 0.00999999 0.445489 0.102556 0.465546 0.00999999 0.234079 0.1301349 0.175435 0.1635659 0.187637 0.102556 0.279351 0.1635659 0.234079 0.1301349 0.287171 0.124463 0.331308 0.1635659 0.287171 0.124463 0.342201 0.102556 0.396386 0.102556 0.331308 0.1635659 0.342201 0.102556 0.445489 0.102556 0.383266 0.1635659 0.396386 0.102556 0.487181 0.1635659 0.445489 0.102556 0.499383 0.102556 0.241328 0.102556 0.175418 0.163655 0.187637 0.102556 0.279333 0.163655 0.241328 0.102556 0.289964 0.102556 0.33129 0.163655 0.289964 0.102556 0.342201 0.102556 0.3907 0.126395 0.33129 0.163655 0.342201 0.102556 0.442621 0.126578 0.383248 0.163655 0.3907 0.126395 0.487163 0.163655 0.442621 0.126578 0.499383 0.102556 0.417192 0.642528 0.458819 0.619443 0.465536 0.643919 0.511448 0.642381 0.458819 0.619443 0.505182 0.619443 0.511448 0.642381 0.551544 0.619443 0.554412 0.643808 0.551544 0.619443 0.602642 0.642528 0.554412 0.643808 0.425806 0.68619 0.467727 0.663983 0.472169 0.68619 0.518531 0.68619 0.467727 0.663983 0.511448 0.642381 0.554412 0.643808 0.518531 0.68619 0.511448 0.642381 0.611256 0.68619 0.554412 0.643808 0.602642 0.642528 0.474336 0.930396 0.531276 0.982187 0.484913 0.986216 0.567061 0.930396 0.531276 0.982187 0.520698 0.924894 0.624001 0.985614 0.567061 0.930396 0.613423 0.924894 0.659786 0.930396 0.624001 0.985614 0.613423 0.924894 0.465536 0.643919 0.425483 0.684572 0.417192 0.642528 0.518207 0.684572 0.465536 0.643919 0.511448 0.642381 0.560168 0.662561 0.518207 0.684572 0.511448 0.642381 0.610932 0.684572 0.560168 0.662561 0.602642 0.642528 0.530881 0.979097 0.474026 0.929901 0.520388 0.922535 0.530881 0.979097 0.566751 0.929901 0.577243 0.982917 0.623606 0.984496 0.566751 0.929901 0.613113 0.922535 0.623606 0.984496 0.659476 0.929901 0.669968 0.983842 0.170651 0.08143889 0.170651 0.0622766 0.189813 0.0622766 0.151488 0.0622766 0.170651 0.0431143 0.189813 0.0622766 0.151488 0.0622766 0.189813 0.0622766 0.170651 0.0622766 0.16654 0.01740676 0.181276 0.02473568 0.173947 0.03947144 0.188605 0.00999999 0.196012 0.03206467 0.173947 0.03947144 0.188605 0.00999999 0.173947 0.03947144 0.181276 0.02473568 0.617885 0.48994 0.65883 0.412179 0.674977 0.489959 0.544646 0.412179 0.617885 0.48994 0.560793 0.489959 0.732068 0.48994 0.65883 0.412179 0.715921 0.408093 0.560793 0.489959 0.487555 0.408093 0.544646 0.412179 0.643398 0.333762 0.601738 0.408093 0.586307 0.333762 0.601738 0.408093 0.529215 0.333762 0.586307 0.333762 0.715921 0.408093 0.643398 0.333762 0.70049 0.333762 0.529215 0.333762 0.487555 0.408093 0.472124 0.333762 0.08842259 0.846225 0.00999999 0.846225 0.04921138 0.99 0.166845 0.846225 0.08842259 0.846225 0.127634 0.99 0.245268 0.846225 0.166845 0.846225 0.206057 0.99 0.323691 0.846225 0.245268 0.846225 0.28448 0.99 0.402114 0.846225 0.323691 0.846225 0.362902 0.99 0.04921138 0.70245 0.127634 0.70245 0.08842259 0.558675 0.127634 0.70245 0.206057 0.70245 0.166845 0.558675 0.206057 0.70245 0.28448 0.70245 0.245268 0.558675 0.28448 0.70245 0.362902 0.70245 0.323691 0.558675 0.362902 0.70245 0.441325 0.70245 0.402114 0.558675 0.08842259 0.846225 0.04921138 0.70245 0.00999999 0.846225 0.166845 0.846225 0.127634 0.70245 0.08842259 0.846225 0.245268 0.846225 0.206057 0.70245 0.166845 0.846225 0.323691 0.846225 0.28448 0.70245 0.245268 0.846225 0.402114 0.846225 0.362902 0.70245 0.323691 0.846225 0.04921138 0.70245 0.08842259 0.846225 0.127634 0.70245 0.127634 0.70245 0.166845 0.846225 0.206057 0.70245 0.206057 0.70245 0.245268 0.846225 0.28448 0.70245 0.28448 0.70245 0.323691 0.846225 0.362902 0.70245 0.362902 0.70245 0.402114 0.846225 0.441325 0.70245 0.109188 0.373689 0.05959385 0.555533 0.00999999 0.373689 0.208375 0.373689 0.158782 0.555533 0.109188 0.373689 0.307564 0.373689 0.257969 0.555533 0.208375 0.373689 0.406751 0.373689 0.357157 0.555533 0.307564 0.373689 0.505939 0.373689 0.456345 0.555533 0.406751 0.373689 0.05959385 0.191844 0.109188 0.00999999 0.158782 0.191844 0.158782 0.191844 0.208375 0.00999999 0.257969 0.191844 0.257969 0.191844 0.307564 0.00999999 0.357157 0.191844 0.357157 0.191844 0.406751 0.00999999 0.456345 0.191844 0.456345 0.191844 0.505939 0.00999999 0.555533 0.191844 0.109188 0.373689 0.00999999 0.373689 0.05959385 0.191844 0.208375 0.373689 0.109188 0.373689 0.158782 0.191844 0.307564 0.373689 0.208375 0.373689 0.257969 0.191844 0.406751 0.373689 0.307564 0.373689 0.357157 0.191844 0.505939 0.373689 0.406751 0.373689 0.456345 0.191844 0.05959385 0.191844 0.158782 0.191844 0.109188 0.373689 0.158782 0.191844 0.257969 0.191844 0.208375 0.373689 0.257969 0.191844 0.357157 0.191844 0.307564 0.373689 0.357157 0.191844 0.456345 0.191844 0.406751 0.373689 0.456345 0.191844 0.555533 0.191844 0.505939 0.373689 0.464198 0.872173 0.400837 0.872173 0.432518 0.988334 0.527559 0.872173 0.464198 0.872173 0.495878 0.988334 0.59092 0.872173 0.527559 0.872173 0.559239 0.988334 0.654281 0.872173 0.59092 0.872173 0.622601 0.988334 0.717642 0.872173 0.654281 0.872173 0.685962 0.988334 0.432518 0.756011 0.495878 0.756011 0.464198 0.639849 0.495878 0.756011 0.559239 0.756011 0.527559 0.639849 0.559239 0.756011 0.622601 0.756011 0.59092 0.639849 0.622601 0.756011 0.685962 0.756011 0.654281 0.639849 0.685962 0.756011 0.749323 0.756011 0.717642 0.639849 0.464198 0.872173 0.432518 0.756011 0.400837 0.872173 0.527559 0.872173 0.495878 0.756011 0.464198 0.872173 0.59092 0.872173 0.559239 0.756011 0.527559 0.872173 0.654281 0.872173 0.622601 0.756011 0.59092 0.872173 0.717642 0.872173 0.685962 0.756011 0.654281 0.872173 0.432518 0.756011 0.464198 0.872173 0.495878 0.756011 0.495878 0.756011 0.527559 0.872173 0.559239 0.756011 0.559239 0.756011 0.59092 0.872173 0.622601 0.756011 0.622601 0.756011 0.654281 0.872173 0.685962 0.756011 0.685962 0.756011 0.717642 0.872173 0.749323 0.756011 0.74809 0.583761 0.7105 0.583761 0.729295 0.652675 0.785679 0.583761 0.74809 0.583761 0.766884 0.652675 0.823268 0.583761 0.785679 0.583761 0.804473 0.652675 0.860858 0.583761 0.823268 0.583761 0.842063 0.652675 0.898447 0.583761 0.860858 0.583761 0.879652 0.652675 0.729295 0.514847 0.766884 0.514847 0.74809 0.445934 0.766884 0.514847 0.804473 0.514847 0.785679 0.445934 0.804473 0.514847 0.842063 0.514847 0.823268 0.445934 0.842063 0.514847 0.879652 0.514847 0.860858 0.445934 0.879652 0.514847 0.917241 0.514847 0.898447 0.445934 0.74809 0.583761 0.729295 0.514847 0.7105 0.583761 0.785679 0.583761 0.766884 0.514847 0.74809 0.583761 0.823268 0.583761 0.804473 0.514847 0.785679 0.583761 0.860858 0.583761 0.842063 0.514847 0.823268 0.583761 0.898447 0.583761 0.879652 0.514847 0.860858 0.583761 0.729295 0.514847 0.74809 0.583761 0.766884 0.514847 0.766884 0.514847 0.785679 0.583761 0.804473 0.514847 0.804473 0.514847 0.823268 0.583761 0.842063 0.514847 0.842063 0.514847 0.860858 0.583761 0.879652 0.514847 0.879652 0.514847 0.898447 0.583761 0.917241 0.514847 0.588077 0.268129 0.564357 0.355103 0.540636 0.268129 0.635517 0.268129 0.611797 0.355103 0.588077 0.268129 0.682958 0.268129 0.659238 0.355103 0.635517 0.268129 0.730399 0.268129 0.706678 0.355103 0.682958 0.268129 0.777839 0.268129 0.754119 0.355103 0.730399 0.268129 0.564357 0.181155 0.588077 0.09418028 0.611797 0.181155 0.611797 0.181155 0.635517 0.09418028 0.659238 0.181155 0.659238 0.181155 0.682958 0.09418028 0.706678 0.181155 0.706678 0.181155 0.730399 0.09418028 0.754119 0.181155 0.754119 0.181155 0.777839 0.09418028 0.801559 0.181155 0.588077 0.268129 0.540636 0.268129 0.564357 0.181155 0.635517 0.268129 0.588077 0.268129 0.611797 0.181155 0.682958 0.268129 0.635517 0.268129 0.659238 0.181155 0.730399 0.268129 0.682958 0.268129 0.706678 0.181155 0.777839 0.268129 0.730399 0.268129 0.754119 0.181155 0.564357 0.181155 0.611797 0.181155 0.588077 0.268129 0.611797 0.181155 0.659238 0.181155 0.635517 0.268129 0.659238 0.181155 0.706678 0.181155 0.682958 0.268129 0.706678 0.181155 0.754119 0.181155 0.730399 0.268129 0.754119 0.181155 0.801559 0.181155 0.777839 0.268129 0.515525 0.543765 0.465475 0.543765 0.4905 0.635522 0.565574 0.543765 0.515525 0.543765 0.54055 0.635522 0.615624 0.543765 0.565574 0.543765 0.590599 0.635522 0.665673 0.543765 0.615624 0.543765 0.640649 0.635522 0.715723 0.543765 0.665673 0.543765 0.690698 0.635522 0.4905 0.452007 0.54055 0.452007 0.515525 0.36025 0.54055 0.452007 0.590599 0.452007 0.565574 0.36025 0.590599 0.452007 0.640649 0.452007 0.615624 0.36025 0.640649 0.452007 0.690698 0.452007 0.665673 0.36025 0.690698 0.452007 0.740748 0.452007 0.715723 0.36025 0.515525 0.543765 0.4905 0.452007 0.465475 0.543765 0.565574 0.543765 0.54055 0.452007 0.515525 0.543765 0.615624 0.543765 0.590599 0.452007 0.565574 0.543765 0.665673 0.543765 0.640649 0.452007 0.615624 0.543765 0.715723 0.543765 0.690698 0.452007 0.665673 0.543765 0.4905 0.452007 0.515525 0.543765 0.54055 0.452007 0.54055 0.452007 0.565574 0.543765 0.590599 0.452007 0.590599 0.452007 0.615624 0.543765 0.640649 0.452007 0.640649 0.452007 0.665673 0.543765 0.690698 0.452007 0.690698 0.452007 0.715723 0.543765 0.740748 0.452007 0.175435 0.1635659 0.227393 0.1635659 0.202202 0.288261 0.25416 0.285937 0.202202 0.288261 0.227393 0.1635659 0.331308 0.1635659 0.306118 0.289632 0.25416 0.285937 0.383266 0.1635659 0.358075 0.288261 0.306118 0.289632 0.383266 0.1635659 0.435223 0.1635659 0.410033 0.285937 0.487181 0.1635659 0.46199 0.289632 0.410033 0.285937 0.202202 0.288261 0.172788 0.435765 0.1208299 0.437733 0.224745 0.434466 0.172788 0.435765 0.202202 0.288261 0.276703 0.437733 0.224745 0.434466 0.25416 0.285937 0.306118 0.289632 0.358075 0.288261 0.32866 0.435765 0.358075 0.288261 0.410033 0.285937 0.380618 0.434466 0.46199 0.289632 0.432576 0.437733 0.380618 0.434466 0.144204 0.574706 0.09224677 0.576682 0.1208299 0.437733 0.224745 0.434466 0.196162 0.579905 0.144204 0.574706 0.276703 0.437733 0.24812 0.576682 0.196162 0.579905 0.32866 0.435765 0.300077 0.574706 0.24812 0.576682 0.380618 0.434466 0.352035 0.579905 0.300077 0.574706 0.380618 0.434466 0.432576 0.437733 0.403993 0.576682 0.11652 0.717314 0.06456285 0.714772 0.09224677 0.576682 0.196162 0.579905 0.168478 0.716962 0.11652 0.717314 0.220436 0.714772 0.168478 0.716962 0.196162 0.579905 0.272393 0.717314 0.220436 0.714772 0.24812 0.576682 0.300077 0.574706 0.352035 0.579905 0.324351 0.716962 0.352035 0.579905 0.403993 0.576682 0.376309 0.714772 0.06456285 0.714772 0.11652 0.717314 0.08749216 0.86143 0.13945 0.865035 0.08749216 0.86143 0.11652 0.717314 0.191408 0.86116 0.13945 0.865035 0.168478 0.716962 0.272393 0.717314 0.243365 0.86143 0.191408 0.86116 0.324351 0.716962 0.295323 0.865035 0.243365 0.86143 0.376309 0.714772 0.34728 0.86116 0.295323 0.865035 0.08749216 0.86143 0.06195759 0.988661 0.00999999 0.99 0.13945 0.865035 0.113915 0.98979 0.06195759 0.988661 0.13945 0.865035 0.191408 0.86116 0.165873 0.99 0.191408 0.86116 0.243365 0.86143 0.217831 0.988661 0.269788 0.98979 0.217831 0.988661 0.243365 0.86143 0.321746 0.99 0.269788 0.98979 0.295323 0.865035 0.227375 0.163655 0.201632 0.292434 0.149675 0.290455 0.227375 0.163655 0.279333 0.163655 0.25359 0.288954 0.279333 0.163655 0.33129 0.163655 0.305548 0.290455 0.33129 0.163655 0.383248 0.163655 0.357505 0.292434 0.409463 0.288954 0.357505 0.292434 0.383248 0.163655 0.487163 0.163655 0.461421 0.290455 0.409463 0.288954 0.173259 0.433 0.121302 0.437702 0.149675 0.290455 0.225217 0.432648 0.173259 0.433 0.201632 0.292434 0.225217 0.432648 0.25359 0.288954 0.305548 0.290455 0.277175 0.437702 0.305548 0.290455 0.357505 0.292434 0.38109 0.432648 0.329132 0.433 0.357505 0.292434 0.461421 0.290455 0.433048 0.437702 0.38109 0.432648 0.1443679 0.572834 0.0924105 0.57602 0.121302 0.437702 0.225217 0.432648 0.196326 0.579962 0.1443679 0.572834 0.277175 0.437702 0.248283 0.57602 0.196326 0.579962 0.277175 0.437702 0.329132 0.433 0.300241 0.572834 0.38109 0.432648 0.352199 0.579962 0.300241 0.572834 0.38109 0.432648 0.433048 0.437702 0.404156 0.57602 0.0924105 0.57602 0.1443679 0.572834 0.117582 0.713252 0.196326 0.579962 0.16954 0.711774 0.117582 0.713252 0.221498 0.709654 0.16954 0.711774 0.196326 0.579962 0.221498 0.709654 0.248283 0.57602 0.300241 0.572834 0.352199 0.579962 0.325413 0.711774 0.273455 0.713252 0.352199 0.579962 0.404156 0.57602 0.37737 0.709654 0.52166 0.295987 0.529215 0.333762 0.472124 0.333762 0.52166 0.295987 0.578752 0.295987 0.586307 0.333762 0.578752 0.295987 0.635843 0.295987 0.643398 0.333762 0.692935 0.295987 0.70049 0.333762 0.643398 0.333762 0.560793 0.489959 0.569502 0.534311 0.512411 0.531188 0.560793 0.489959 0.617885 0.48994 0.626594 0.531188 0.683685 0.534311 0.626594 0.531188 0.617885 0.48994 0.732068 0.48994 0.740777 0.531188 0.683685 0.534311 0.578416 0.577857 0.521325 0.576322 0.512411 0.531188 0.626594 0.531188 0.635508 0.576322 0.578416 0.577857 0.683685 0.534311 0.692599 0.577857 0.635508 0.576322 0.749691 0.576322 0.692599 0.577857 0.683685 0.534311 0.452228 0.586489 0.458819 0.619443 0.412457 0.619443 0.498591 0.586489 0.505182 0.619443 0.458819 0.619443 0.498591 0.586489 0.544953 0.586489 0.551544 0.619443 0.544953 0.586489 0.591316 0.586489 0.597907 0.619443 0.472169 0.68619 0.48226 0.736613 0.435897 0.733184 0.472169 0.68619 0.518531 0.68619 0.528622 0.733184 0.564894 0.68619 0.574985 0.736613 0.528622 0.733184 0.564894 0.68619 0.611256 0.68619 0.621347 0.733184 0.48226 0.736613 0.490959 0.777583 0.444596 0.779163 0.528622 0.733184 0.537321 0.779163 0.490959 0.777583 0.528622 0.733184 0.574985 0.736613 0.583684 0.777583 0.574985 0.736613 0.621347 0.733184 0.630046 0.779163 0.500113 0.824583 0.453751 0.823776 0.444596 0.779163 0.500113 0.824583 0.490959 0.777583 0.537321 0.779163 0.546476 0.823776 0.537321 0.779163 0.583684 0.777583 0.592838 0.824583 0.583684 0.777583 0.630046 0.779163 0.453751 0.823776 0.500113 0.824583 0.510271 0.875009 0.546476 0.823776 0.556633 0.879329 0.510271 0.875009 0.546476 0.823776 0.592838 0.824583 0.602996 0.875009 0.602996 0.875009 0.592838 0.824583 0.639201 0.823776 0.463908 0.879329 0.510271 0.875009 0.520698 0.924894 0.556633 0.879329 0.567061 0.930396 0.520698 0.924894 0.613423 0.924894 0.567061 0.930396 0.556633 0.879329 0.649358 0.879329 0.659786 0.930396 0.613423 0.924894 0.471845 0.684572 0.482139 0.735481 0.435777 0.733512 0.518207 0.684572 0.528502 0.733512 0.482139 0.735481 0.56457 0.684572 0.574864 0.735481 0.528502 0.733512 0.56457 0.684572 0.610932 0.684572 0.621227 0.733512 0.482139 0.735481 0.491103 0.778269 0.444741 0.779574 0.528502 0.733512 0.537466 0.779574 0.491103 0.778269 0.528502 0.733512 0.574864 0.735481 0.583828 0.778269 0.574864 0.735481 0.621227 0.733512 0.630191 0.779574 0.491103 0.778269 0.500215 0.824696 0.453852 0.824765 0.546577 0.824765 0.500215 0.824696 0.491103 0.778269 0.537466 0.779574 0.583828 0.778269 0.59294 0.824696 0.630191 0.779574 0.639302 0.824765 0.59294 0.824696 0.510036 0.874687 0.463673 0.876745 0.453852 0.824765 0.510036 0.874687 0.500215 0.824696 0.546577 0.824765 0.556398 0.876745 0.546577 0.824765 0.59294 0.824696 0.649123 0.876745 0.602761 0.874687 0.59294 0.824696 0.463673 0.876745 0.510036 0.874687 0.520388 0.922535 0.556398 0.876745 0.566751 0.929901 0.520388 0.922535 0.556398 0.876745 0.602761 0.874687 0.613113 0.922535 0.649123 0.876745 0.659476 0.929901 0.613113 0.922535 0.521713 0.02354669 0.573561 0.02354669 0.565551 0.06359946 0.62541 0.02354669 0.617399 0.06359946 0.565551 0.06359946 0.677258 0.02354669 0.669248 0.06359946 0.617399 0.06359946 0.677258 0.02354669 0.729106 0.02354669 0.721096 0.06359946 0.565551 0.06359946 0.557452 0.103931 0.505604 0.101224 0.565551 0.06359946 0.617399 0.06359946 0.609301 0.101224 0.669248 0.06359946 0.661149 0.103931 0.609301 0.101224 0.669248 0.06359946 0.721096 0.06359946 0.712997 0.101224 0.557452 0.103931 0.549303 0.138767 0.497455 0.144623 0.609301 0.101224 0.601152 0.144623 0.549303 0.138767 0.609301 0.101224 0.661149 0.103931 0.6530001 0.138767 0.704849 0.144623 0.6530001 0.138767 0.661149 0.103931 0.540382 0.187948 0.488534 0.189567 0.497455 0.144623 0.601152 0.144623 0.59223 0.189567 0.540382 0.187948 0.601152 0.144623 0.6530001 0.138767 0.644079 0.187948 0.644079 0.187948 0.6530001 0.138767 0.704849 0.144623 0.540382 0.187948 0.53109 0.23891 0.479241 0.2308959 0.540382 0.187948 0.59223 0.189567 0.582938 0.2308959 0.644079 0.187948 0.634786 0.23891 0.582938 0.2308959 0.644079 0.187948 0.695927 0.189567 0.686635 0.2308959 0.53109 0.23891 0.520932 0.28951 0.469084 0.283809 0.572781 0.283809 0.520932 0.28951 0.53109 0.23891 0.634786 0.23891 0.624629 0.28951 0.572781 0.283809 0.634786 0.23891 0.686635 0.2308959 0.676477 0.283809 0.206149 0.00999999 0.258644 0.00999999 0.241328 0.102556 0.258644 0.00999999 0.310384 0.00999999 0.289964 0.102556 0.361159 0.00999999 0.342201 0.102556 0.289964 0.102556 0.361159 0.00999999 0.41297 0.00999999 0.396386 0.102556 0.465546 0.00999999 0.445489 0.102556 0.396386 0.102556 0.517894 0.00999999 0.499383 0.102556 0.445489 0.102556 0.234079 0.1301349 0.227393 0.1635659 0.175435 0.1635659 0.279351 0.1635659 0.227393 0.1635659 0.234079 0.1301349 0.331308 0.1635659 0.279351 0.1635659 0.287171 0.124463 0.396386 0.102556 0.383266 0.1635659 0.331308 0.1635659 0.445489 0.102556 0.435223 0.1635659 0.383266 0.1635659 0.487181 0.1635659 0.435223 0.1635659 0.445489 0.102556 0.241328 0.102556 0.227375 0.163655 0.175418 0.163655 0.279333 0.163655 0.227375 0.163655 0.241328 0.102556 0.33129 0.163655 0.279333 0.163655 0.289964 0.102556 0.3907 0.126395 0.383248 0.163655 0.33129 0.163655 0.442621 0.126578 0.435206 0.163655 0.383248 0.163655 0.487163 0.163655 0.435206 0.163655 0.442621 0.126578 0.417192 0.642528 0.412457 0.619443 0.458819 0.619443 0.511448 0.642381 0.465536 0.643919 0.458819 0.619443 0.511448 0.642381 0.505182 0.619443 0.551544 0.619443 0.551544 0.619443 0.597907 0.619443 0.602642 0.642528 0.425806 0.68619 0.417192 0.642528 0.467727 0.663983 0.518531 0.68619 0.472169 0.68619 0.467727 0.663983 0.554412 0.643808 0.564894 0.68619 0.518531 0.68619 0.611256 0.68619 0.564894 0.68619 0.554412 0.643808 0.474336 0.930396 0.520698 0.924894 0.531276 0.982187 0.567061 0.930396 0.577638 0.98111 0.531276 0.982187 0.624001 0.985614 0.577638 0.98111 0.567061 0.930396 0.659786 0.930396 0.670363 0.986216 0.624001 0.985614 0.465536 0.643919 0.471845 0.684572 0.425483 0.684572 0.518207 0.684572 0.471845 0.684572 0.465536 0.643919 0.560168 0.662561 0.56457 0.684572 0.518207 0.684572 0.610932 0.684572 0.56457 0.684572 0.560168 0.662561 0.530881 0.979097 0.484518 0.983842 0.474026 0.929901 0.530881 0.979097 0.520388 0.922535 0.566751 0.929901 0.623606 0.984496 0.577243 0.982917 0.566751 0.929901 0.623606 0.984496 0.613113 0.922535 0.659476 0.929901 0.170651 0.08143889 0.151488 0.0622766 0.170651 0.0622766 0.16654 0.01740676 0.188605 0.00999999 0.181276 0.02473568 0.617885 0.48994 0.601738 0.408093 0.65883 0.412179 0.544646 0.412179 0.601738 0.408093 0.617885 0.48994 0.732068 0.48994 0.674977 0.489959 0.65883 0.412179 0.560793 0.489959 0.503702 0.48994 0.487555 0.408093 0.643398 0.333762 0.65883 0.412179 0.601738 0.408093 0.601738 0.408093 0.544646 0.412179 0.529215 0.333762 0.715921 0.408093 0.65883 0.412179 0.643398 0.333762 0.529215 0.333762 0.544646 0.412179 0.487555 0.408093</float_array>
          <technique_common>
            <accessor source="#Tree_lp_11-mesh-map-0-array" count="1500" stride="2">
              <param name="S" type="float"/>
              <param name="T" type="float"/>
            </accessor>
          </technique_common>
        </source>
        <vertices id="Tree_lp_11-mesh-vertices">
          <input semantic="POSITION" source="#Tree_lp_11-mesh-positions"/>
        </vertices>
        <triangles material="Bark-material" count="380">
          <input semantic="VERTEX" source="#Tree_lp_11-mesh-vertices" offset="0"/>
          <input semantic="NORMAL" source="#Tree_lp_11-mesh-normals" offset="1"/>
          <input semantic="TEXCOORD" source="#Tree_lp_11-mesh-map-0" offset="2" set="0"/>
          <p>6 0 0 13 1 1 12 2 2 14 3 3 7 4 4 8 5 5 9 6 6 14 7 7 8 8 8 10 9 9 15 10 10 9 11 11 10 12 12 17 13 13 16 14 14 6 15 15 17 16 16 11 17 17 13 18 18 18 19 19 12 20 20 20 21 21 13 22 22 14 23 23 21 24 24 14 25 25 15 26 26 15 27 27 22 28 28 21 29 29 16 30 30 23 31 31 22 32 32 12 33 33 23 34 34 17 35 35 25 36 36 18 37 37 19 38 38 20 39 39 25 40 40 19 41 41 21 42 42 26 43 43 20 44 44 22 45 45 27 46 46 21 47 47 23 48 48 28 49 49 22 50 50 23 51 51 24 52 52 29 53 53 31 54 54 24 55 55 25 56 56 26 57 57 31 58 58 25 59 59 33 60 60 26 61 61 27 62 62 34 63 63 27 64 64 28 65 65 28 66 66 35 67 67 34 68 68 29 69 69 30 70 70 35 71 71 30 72 72 37 73 73 36 74 74 38 75 75 31 76 76 32 77 77 39 78 78 32 79 79 33 80 80 34 81 81 39 82 82 33 83 83 35 84 84 40 85 85 34 86 86 30 87 87 41 88 88 35 89 89 37 90 90 42 91 91 36 92 92 38 93 93 43 94 94 37 95 95 38 96 96 45 97 97 44 98 98 39 99 99 46 100 100 45 101 101 47 102 102 40 103 103 41 104 104 42 105 105 41 106 106 36 107 107 49 108 108 54 109 109 48 110 110 49 111 111 56 112 112 55 113 113 50 114 114 57 115 115 56 116 116 51 117 117 58 118 118 57 119 119 59 120 120 52 121 121 53 122 122 48 123 123 59 124 124 53 125 125 61 126 126 54 127 127 55 128 128 62 129 129 55 130 130 56 131 131 62 132 132 57 133 133 63 134 134 63 135 135 58 136 136 64 137 137 65 138 138 58 139 139 59 140 140 54 141 141 65 142 142 59 143 143 67 144 144 60 145 145 61 146 146 62 147 147 67 148 148 61 149 149 63 150 150 68 151 151 62 152 152 63 153 153 70 154 154 69 155 155 65 156 156 70 157 157 64 158 158 65 159 159 66 160 160 71 161 161 66 162 162 73 163 163 72 164 164 68 165 165 73 166 166 67 167 167 75 168 168 68 169 169 69 170 170 75 171 171 70 172 172 76 173 173 71 174 174 76 175 175 70 176 176 71 177 177 72 178 178 77 179 179 81 180 180 78 181 181 79 182 182 81 183 183 82 184 184 80 185 185 83 186 186 84 187 187 82 188 188 79 189 189 84 190 190 85 191 191 91 192 192 94 193 193 90 194 194 91 195 195 96 196 196 95 197 197 97 198 198 92 199 199 93 200 200 90 201 201 97 202 202 93 203 203 99 204 204 94 205 205 95 206 206 96 207 207 99 208 208 95 209 209 97 210 210 100 211 211 96 212 212 98 213 213 97 214 214 94 215 215 105 216 216 102 217 217 103 218 218 107 219 219 104 220 220 105 221 221 107 222 222 108 223 223 106 224 224 109 225 225 102 226 226 108 227 227 111 228 228 114 229 229 110 230 230 111 231 231 116 232 232 115 233 233 113 234 234 116 235 235 112 236 236 113 237 237 114 238 238 117 239 239 115 240 240 118 241 241 114 242 242 116 243 243 119 244 244 115 245 245 116 246 246 121 247 247 120 248 248 117 249 249 118 250 250 121 251 251 123 252 252 118 253 253 119 254 254 123 255 255 120 256 256 124 257 257 124 258 258 121 259 259 125 260 260 125 261 261 118 262 262 122 263 263 122 264 264 127 265 265 126 266 266 124 267 267 127 268 268 123 269 269 124 270 270 129 271 271 128 272 272 129 273 273 122 274 274 126 275 275 126 276 276 131 277 277 130 278 278 128 279 279 131 280 280 127 281 281 133 282 282 128 283 283 129 284 284 126 285 285 133 286 286 129 287 287 135 288 288 138 289 289 134 290 290 136 291 291 139 292 292 135 293 293 137 294 294 140 295 295 136 296 296 137 297 297 138 298 298 141 299 299 139 300 300 142 301 301 138 302 302 140 303 303 143 304 304 139 305 305 140 306 306 145 307 307 144 308 308 141 309 309 142 310 310 145 311 311 143 312 312 146 313 313 142 314 314 148 315 315 143 316 316 144 317 317 144 318 318 149 319 319 148 320 320 142 321 321 149 322 322 145 323 323 151 324 324 146 325 325 147 326 326 151 327 327 148 328 328 152 329 329 152 330 330 149 331 331 153 332 332 150 333 333 149 334 334 146 335 335 150 336 336 155 337 337 154 338 338 152 339 339 155 340 340 151 341 341 152 342 342 157 343 343 156 344 344 150 345 345 157 346 346 153 347 347 159 348 348 160 349 349 158 350 350 163 351 351 160 352 352 161 353 353 165 354 354 162 355 355 163 356 356 165 357 357 158 358 358 164 359 359 160 360 360 166 361 361 158 362 362 160 363 363 168 364 364 167 365 365 164 366 366 168 367 367 162 368 368 164 369 369 166 370 370 169 371 371 167 372 372 170 373 373 166 374 374 168 375 375 171 376 376 167 377 377 168 378 378 173 379 379 172 380 380 170 381 381 169 382 382 166 383 383 175 384 384 170 385 385 171 386 386 172 387 387 175 388 388 171 389 389 172 390 390 177 391 391 176 392 392 177 393 393 170 394 394 174 395 395 175 396 396 178 397 397 174 398 398 175 399 399 180 400 400 179 401 401 177 402 402 180 403 403 176 404 404 177 405 405 178 406 406 181 407 407 179 408 408 182 409 409 178 410 410 184 411 411 179 412 412 180 413 413 181 414 414 184 415 415 180 416 416 181 417 417 182 418 418 185 419 419 0 420 420 261 421 421 260 422 422 1 423 423 262 424 424 261 425 425 3 426 426 262 427 427 2 428 428 3 429 429 265 430 430 264 431 431 5 432 432 265 433 433 4 434 434 0 435 435 266 436 436 5 437 437 267 438 438 6 439 439 260 440 440 8 441 441 267 442 442 268 443 443 9 444 444 268 445 445 264 446 446 265 447 447 9 448 448 264 449 449 266 450 450 10 451 451 265 452 452 6 453 453 266 454 454 260 455 455 261 456 456 48 457 457 260 458 458 50 459 459 261 460 460 262 461 461 51 462 462 262 463 463 264 464 464 268 465 465 51 466 466 264 467 467 267 468 468 52 469 469 268 470 470 48 471 471 267 472 472 260 473 473 269 474 474 104 475 475 270 476 476 271 477 477 104 478 478 106 479 479 271 480 480 108 481 481 263 482 482 108 483 483 269 484 484 263 485 485 110 486 486 272 487 487 111 488 488 112 489 489 272 490 490 271 491 491 263 492 492 112 493 493 271 494 494 110 495 495 263 496 496 269 497 497 130 498 498 276 499 499 279 500 500 132 501 501 276 502 502 131 503 503 280 504 504 132 505 505 133 506 506 130 507 507 280 508 508 133 509 509 270 510 510 134 511 511 269 512 512 136 513 513 270 514 514 271 515 515 272 516 516 136 517 517 271 518 518 134 519 519 272 520 520 269 521 521 274 522 522 154 523 523 155 524 524 274 525 525 156 526 526 275 527 527 278 528 528 156 529 529 157 530 530 278 531 531 154 532 532 273 533 533 276 534 534 186 535 535 279 536 536 277 537 537 280 537 538 279 537 539 277 538 540 279 538 541 186 538 542 274 539 543 187 540 544 273 541 545 275 542 546 278 542 547 273 542 548 275 543 549 273 543 550 187 544 551 92 545 552 89 546 553 93 547 554 87 548 555 92 549 556 91 550 557 90 551 558 89 552 559 86 553 560 91 554 561 86 555 562 87 556 563 84 557 564 88 558 565 82 559 566 88 560 567 80 561 568 82 562 569 86 563 570 84 564 571 78 565 572 80 566 573 86 567 574 78 568 575 6 689 936 7 690 937 13 691 938 14 692 939 13 693 940 7 694 941 9 695 942 15 696 943 14 697 944 10 698 945 16 699 946 15 700 947 10 701 948 11 702 949 17 703 950 6 704 951 12 705 952 17 706 953 13 707 954 19 708 955 18 709 956 20 710 957 19 711 958 13 712 959 21 713 960 20 714 961 14 715 962 15 716 963 16 717 964 22 718 965 16 719 966 17 720 967 23 721 968 12 722 969 18 723 970 23 724 971 25 725 972 24 726 973 18 727 974 20 728 975 26 729 976 25 730 977 21 731 978 27 732 979 26 733 980 22 734 981 28 735 982 27 736 983 23 737 984 29 738 985 28 739 986 23 740 987 18 741 988 24 742 989 31 743 990 30 744 991 24 745 992 26 746 993 32 747 994 31 748 995 33 749 996 32 750 997 26 751 998 34 752 999 33 753 1000 27 754 1001 28 755 1002 29 756 1003 35 757 1004 29 758 1005 24 759 1006 30 760 1007 30 761 1008 31 762 1009 37 763 1010 38 764 1011 37 765 1012 31 766 1013 39 767 1014 38 768 1015 32 769 1016 34 770 1017 40 771 1018 39 772 1019 35 773 1020 41 774 1021 40 775 1022 30 776 1023 36 777 1024 41 778 1025 37 779 1026 43 780 1027 42 781 1028 38 782 1029 44 783 1030 43 784 1031 38 785 1032 39 786 1033 45 787 1034 39 788 1035 40 789 1036 46 790 1037 47 791 1038 46 792 1039 40 793 1040 42 794 1041 47 795 1042 41 796 1043 49 797 1044 55 798 1045 54 799 1046 49 800 1047 50 801 1048 56 802 1049 50 803 1050 51 804 1051 57 805 1052 51 806 1053 52 807 1054 58 808 1055 59 809 1056 58 810 1057 52 811 1058 48 812 1059 54 813 1060 59 814 1061 61 815 1062 60 816 1063 54 817 1064 62 818 1065 61 819 1066 55 820 1067 62 821 1068 56 822 1069 57 823 1070 63 824 1071 57 825 1072 58 826 1073 65 827 1074 64 828 1075 58 829 1076 54 830 1077 60 831 1078 65 832 1079 67 833 1080 66 834 1081 60 835 1082 62 836 1083 68 837 1084 67 838 1085 63 839 1086 69 840 1087 68 841 1088 63 842 1089 64 843 1090 70 844 1091 65 845 1092 71 846 1093 70 847 1094 65 848 1095 60 849 1096 66 850 1097 66 851 1098 67 852 1099 73 853 1100 68 854 1101 74 855 1102 73 856 1103 75 857 1104 74 858 1105 68 859 1106 75 860 1107 69 861 1108 70 862 1109 71 863 1110 77 864 1111 76 865 1112 71 866 1113 66 867 1114 72 868 1115 81 869 1116 80 870 1117 78 871 1118 81 872 1119 83 873 1120 82 874 1121 83 875 1122 85 876 1123 84 877 1124 79 878 1125 78 879 1126 84 880 1127 91 881 1128 95 882 1129 94 883 1130 91 884 1131 92 885 1132 96 886 1133 97 887 1134 96 888 1135 92 889 1136 90 890 1137 94 891 1138 97 892 1139 99 893 1140 98 894 1141 94 895 1142 96 896 1143 100 897 1144 99 898 1145 97 899 1146 101 900 1147 100 901 1148 98 902 1149 101 903 1150 97 904 1151 105 905 1152 104 906 1153 102 907 1154 107 908 1155 106 909 1156 104 910 1157 107 911 1158 109 912 1159 108 913 1160 109 914 1161 103 915 1162 102 916 1163 111 917 1164 115 918 1165 114 919 1166 111 920 1167 112 921 1168 116 922 1169 113 923 1170 117 924 1171 116 925 1172 113 926 1173 110 927 1174 114 928 1175 115 929 1176 119 930 1177 118 931 1178 116 932 1179 120 933 1180 119 934 1181 116 935 1182 117 936 1183 121 937 1184 117 938 1185 114 939 1186 118 940 1187 123 941 1188 122 942 1189 118 943 1190 123 944 1191 119 945 1192 120 946 1193 124 947 1194 120 948 1195 121 949 1196 125 950 1197 121 951 1198 118 952 1199 122 953 1200 123 954 1201 127 955 1202 124 956 1203 128 957 1204 127 958 1205 124 959 1206 125 960 1207 129 961 1208 129 962 1209 125 963 1210 122 964 1211 126 965 1212 127 966 1213 131 967 1214 128 968 1215 132 969 1216 131 970 1217 133 971 1218 132 972 1219 128 973 1220 126 974 1221 130 975 1222 133 976 1223 135 977 1224 139 978 1225 138 979 1226 136 980 1227 140 981 1228 139 982 1229 137 983 1230 141 984 1231 140 985 1232 137 986 1233 134 987 1234 138 988 1235 139 989 1236 143 990 1237 142 991 1238 140 992 1239 144 993 1240 143 994 1241 140 995 1242 141 996 1243 145 997 1244 141 998 1245 138 999 1246 142 1000 1247 143 1001 1248 147 1002 1249 146 1003 1250 148 1004 1251 147 1005 1252 143 1006 1253 144 1007 1254 145 1008 1255 149 1009 1256 142 1010 1257 146 1011 1258 149 1012 1259 151 1013 1260 150 1014 1261 146 1015 1262 151 1016 1263 147 1017 1264 148 1018 1265 152 1019 1266 148 1020 1267 149 1021 1268 150 1022 1269 153 1023 1270 149 1024 1271 150 1025 1272 151 1026 1273 155 1027 1274 152 1028 1275 156 1029 1276 155 1030 1277 152 1031 1278 153 1032 1279 157 1033 1280 150 1034 1281 154 1035 1282 157 1036 1283 159 1037 1284 161 1038 1285 160 1039 1286 163 1040 1287 162 1041 1288 160 1042 1289 165 1043 1290 164 1044 1291 162 1045 1292 165 1046 1293 159 1047 1294 158 1048 1295 160 1049 1296 167 1050 1297 166 1051 1298 160 1052 1299 162 1053 1300 168 1054 1301 164 1055 1302 169 1056 1303 168 1057 1304 164 1058 1305 158 1059 1306 166 1060 1307 167 1061 1308 171 1062 1309 170 1063 1310 168 1064 1311 172 1065 1312 171 1066 1313 168 1067 1314 169 1068 1315 173 1069 1316 170 1070 1317 173 1071 1318 169 1072 1319 175 1073 1320 174 1074 1321 170 1075 1322 172 1076 1323 176 1077 1324 175 1078 1325 172 1079 1326 173 1080 1327 177 1081 1328 177 1082 1329 173 1083 1330 170 1084 1331 175 1085 1332 179 1086 1333 178 1087 1334 175 1088 1335 176 1089 1336 180 1090 1337 177 1091 1338 181 1092 1339 180 1093 1340 177 1094 1341 174 1095 1342 178 1096 1343 179 1097 1344 183 1098 1345 182 1099 1346 184 1100 1347 183 1101 1348 179 1102 1349 181 1103 1350 185 1104 1351 184 1105 1352 181 1106 1353 178 1107 1354 182 1108 1355 0 1109 1356 1 1110 1357 261 1111 1358 1 1112 1359 2 1113 1360 262 1114 1361 3 1115 1362 264 1116 1363 262 1117 1364 3 1118 1365 4 1119 1366 265 1120 1367 5 1121 1368 266 1122 1369 265 1123 1370 0 1124 1371 260 1125 1372 266 1126 1373 267 1127 1374 7 1128 1375 6 1129 1376 8 1130 1377 7 1131 1378 267 1132 1379 9 1133 1380 8 1134 1381 268 1135 1382 265 1136 1383 10 1137 1384 9 1138 1385 266 1139 1386 11 1140 1387 10 1141 1388 6 1142 1389 11 1143 1390 266 1144 1391 261 1145 1392 49 1146 1393 48 1147 1394 50 1148 1395 49 1149 1396 261 1150 1397 51 1151 1398 50 1152 1399 262 1153 1400 268 1154 1401 52 1155 1402 51 1156 1403 267 1157 1404 53 1158 1405 52 1159 1406 48 1160 1407 53 1161 1408 267 1162 1409 269 1163 1410 102 1164 1411 104 1165 1412 271 1166 1413 270 1167 1414 104 1168 1415 271 1169 1416 106 1170 1417 108 1171 1418 108 1172 1419 102 1173 1420 269 1174 1421 110 1175 1422 269 1176 1423 272 1177 1424 112 1178 1425 111 1179 1426 272 1180 1427 263 1181 1428 113 1182 1429 112 1183 1430 110 1184 1431 113 1185 1432 263 1186 1433 130 1187 1434 131 1188 1435 276 1189 1436 132 1190 1437 277 1191 1438 276 1192 1439 280 1193 1440 277 1194 1441 132 1195 1442 130 1196 1443 279 1197 1444 280 1198 1445 270 1199 1446 135 1200 1447 134 1201 1448 136 1202 1449 135 1203 1450 270 1204 1451 272 1205 1452 137 1206 1453 136 1207 1454 134 1208 1455 137 1209 1456 272 1210 1457 274 1211 1458 273 1212 1459 154 1213 1460 274 1214 1461 155 1215 1462 156 1216 1463 278 1217 1464 275 1218 1465 156 1219 1466 278 1220 1467 157 1221 1468 154 1222 1469 276 1223 1470 277 1224 1471 186 1225 1472 274 1226 1473 275 1227 1474 187 1228 1475 92 1229 1476 88 1230 1477 89 1231 1478 87 1232 1479 88 1233 1480 92 1234 1481 90 1235 1482 93 1236 1483 89 1237 1484 91 1238 1485 90 1239 1486 86 1240 1487 84 1241 1488 89 1242 1489 88 1243 1490 88 1244 1491 87 1245 1492 80 1246 1493 86 1247 1494 89 1248 1495 84 1249 1496 80 1250 1497 87 1251 1498 86 1252 1499</p>
        </triangles>
        <triangles material="Tree-material" count="120">
          <input semantic="VERTEX" source="#Tree_lp_11-mesh-vertices" offset="0"/>
          <input semantic="NORMAL" source="#Tree_lp_11-mesh-normals" offset="1"/>
          <input semantic="TEXCOORD" source="#Tree_lp_11-mesh-map-0" offset="2" set="0"/>
          <p>188 569 576 189 569 577 190 569 578 191 570 579 188 570 580 190 570 581 192 571 582 191 571 583 190 571 584 193 572 585 192 572 586 190 572 587 189 573 588 193 573 589 190 573 590 194 574 591 195 574 592 196 574 593 195 575 594 197 575 595 196 575 596 197 576 597 198 576 598 196 576 599 198 577 600 199 577 601 196 577 602 199 578 603 194 578 604 196 578 605 188 579 606 194 579 607 189 579 608 191 580 609 195 580 610 188 580 611 192 581 612 197 581 613 191 581 614 193 582 615 198 582 616 192 582 617 189 583 618 199 583 619 193 583 620 194 584 621 188 584 622 195 584 623 195 585 624 191 585 625 197 585 626 197 586 627 192 586 628 198 586 629 198 587 630 193 587 631 199 587 632 199 588 633 189 588 634 194 588 635 200 589 636 201 589 637 202 589 638 203 590 639 201 590 640 200 590 641 204 591 642 201 591 643 203 591 644 205 592 645 201 592 646 204 592 647 202 593 648 201 593 649 205 593 650 206 594 651 207 594 652 208 594 653 208 595 654 207 595 655 209 595 656 209 596 657 207 596 658 210 596 659 210 597 660 207 597 661 211 597 662 211 598 663 207 598 664 206 598 665 200 599 666 202 599 667 206 599 668 203 600 669 200 600 670 208 600 671 204 601 672 203 601 673 209 601 674 205 602 675 204 602 676 210 602 677 202 603 678 205 603 679 211 603 680 206 604 681 208 604 682 200 604 683 208 605 684 209 605 685 203 605 686 209 606 687 210 606 688 204 606 689 210 607 690 211 607 691 205 607 692 211 608 693 206 608 694 202 608 695 212 609 696 213 609 697 214 609 698 215 610 699 212 610 700 214 610 701 216 611 702 215 611 703 214 611 704 217 612 705 216 612 706 214 612 707 213 613 708 217 613 709 214 613 710 218 614 711 219 614 712 220 614 713 219 615 714 221 615 715 220 615 716 221 616 717 222 616 718 220 616 719 222 617 720 223 617 721 220 617 722 223 618 723 218 618 724 220 618 725 212 619 726 218 619 727 213 619 728 215 620 729 219 620 730 212 620 731 216 621 732 221 621 733 215 621 734 217 622 735 222 622 736 216 622 737 213 623 738 223 623 739 217 623 740 218 624 741 212 624 742 219 624 743 219 625 744 215 625 745 221 625 746 221 626 747 216 626 748 222 626 749 222 627 750 217 627 751 223 627 752 223 628 753 213 628 754 218 628 755 224 629 756 225 629 757 226 629 758 227 630 759 224 630 760 226 630 761 228 631 762 227 631 763 226 631 764 229 632 765 228 632 766 226 632 767 225 633 768 229 633 769 226 633 770 230 634 771 231 634 772 232 634 773 231 635 774 233 635 775 232 635 776 233 636 777 234 636 778 232 636 779 234 637 780 235 637 781 232 637 782 235 638 783 230 638 784 232 638 785 224 639 786 230 639 787 225 639 788 227 640 789 231 640 790 224 640 791 228 641 792 233 641 793 227 641 794 229 642 795 234 642 796 228 642 797 225 643 798 235 643 799 229 643 800 230 644 801 224 644 802 231 644 803 231 645 804 227 645 805 233 645 806 233 646 807 228 646 808 234 646 809 234 647 810 229 647 811 235 647 812 235 648 813 225 648 814 230 648 815 236 649 816 237 649 817 238 649 818 239 650 819 237 650 820 236 650 821 240 651 822 237 651 823 239 651 824 241 652 825 237 652 826 240 652 827 238 653 828 237 653 829 241 653 830 242 654 831 243 654 832 244 654 833 244 655 834 243 655 835 245 655 836 245 656 837 243 656 838 246 656 839 246 657 840 243 657 841 247 657 842 247 658 843 243 658 844 242 658 845 236 659 846 238 659 847 242 659 848 239 660 849 236 660 850 244 660 851 240 661 852 239 661 853 245 661 854 241 662 855 240 662 856 246 662 857 238 663 858 241 663 859 247 663 860 242 664 861 244 664 862 236 664 863 244 665 864 245 665 865 239 665 866 245 666 867 246 666 868 240 666 869 246 667 870 247 667 871 241 667 872 247 668 873 242 668 874 238 668 875 248 669 876 249 669 877 250 669 878 251 670 879 248 670 880 250 670 881 252 671 882 251 671 883 250 671 884 253 672 885 252 672 886 250 672 887 249 673 888 253 673 889 250 673 890 254 674 891 255 674 892 256 674 893 255 675 894 257 675 895 256 675 896 257 676 897 258 676 898 256 676 899 258 677 900 259 677 901 256 677 902 259 678 903 254 678 904 256 678 905 248 679 906 254 679 907 249 679 908 251 680 909 255 680 910 248 680 911 252 681 912 257 681 913 251 681 914 253 682 915 258 682 916 252 682 917 249 683 918 259 683 919 253 683 920 254 684 921 248 684 922 255 684 923 255 685 924 251 685 925 257 685 926 257 686 927 252 686 928 258 686 929 258 687 930 253 687 931 259 687 932 259 688 933 249 688 934 254 688 935</p>
        </triangles>
      </mesh>
    </geometry>
  </library_geometries>
  <library_visual_scenes>
    <visual_scene id="Scene" name="Scene">
      <node id="Directional_Light_002" name="Directional_Light.002" type="NODE">
        <matrix sid="transform">0.7071067 0.3535535 -0.6123723 -2 -0.7071067 0.3535534 -0.6123723 -2 -4.71331e-8 0.8660254 0.5 2 0 0 0 1</matrix>
        <instance_light url="#Directional_Light_002-light"/>
      </node>
      <node id="Camera_003" name="Camera.003" type="NODE">
        <matrix sid="transform">1 0 0 0 0 0.08715557 -0.9961947 -4 0 0.9961947 0.08715557 0.7499998 0 0 0 1</matrix>
        <instance_camera url="#Camera_003-camera"/>
      </node>
      <node id="Tree_lp_11_002" name="Tree_lp_11.002" type="NODE">
        <matrix sid="transform">1 0 0 0 0 7.54979e-8 -1 0 0 1 7.54979e-8 0 0 0 0 1</matrix>
        <instance_geometry url="#Tree_lp_11_002-mesh" name="Tree_lp_11.002">
          <bind_material>
            <technique_common>
              <instance_material symbol="Bark_002-material" target="#Bark_002-material">
                <bind_vertex_input semantic="Geometry-mesh022-DiffuseUVLayer" input_semantic="TEXCOORD" input_set="0"/>
              </instance_material>
              <instance_material symbol="Tree_002-material" target="#Tree_002-material">
                <bind_vertex_input semantic="Geometry-mesh022-DiffuseUVLayer" input_semantic="TEXCOORD" input_set="0"/>
              </instance_material>
            </technique_common>
          </bind_material>
        </instance_geometry>
      </node>
      <node id="Render_003" name="Render.003" type="NODE">
        <matrix sid="transform">1 0 0 0 0 7.54979e-8 -1 0 0 1 7.54979e-8 0 0 0 0 1</matrix>
        <instance_light url="#Render_003-light"/>
      </node>
      <node id="Directional_Light_001" name="Directional_Light.001" type="NODE">
        <matrix sid="transform">7.07107e-4 3.53553e-4 -6.12372e-4 -0.002 -7.07107e-4 3.53553e-4 -6.12372e-4 -0.002 -1.59106e-11 8.66025e-4 5e-4 0.002 0 0 0 1</matrix>
        <instance_light url="#Directional_Light_001-light"/>
      </node>
      <node id="Camera_002" name="Camera.002" type="NODE">
        <matrix sid="transform">0.001 0 0 0 0 8.71556e-5 -9.96195e-4 -0.004 0 9.96195e-4 8.71556e-5 7.5e-4 0 0 0 1</matrix>
        <instance_camera url="#Camera_002-camera"/>
      </node>
      <node id="Tree_lp_11_001" name="Tree_lp_11.001" type="NODE">
        <matrix sid="transform">0.001 0 0 0 0 7.54979e-11 -0.001 0 0 0.001 7.54979e-11 0 0 0 0 1</matrix>
        <instance_geometry url="#Tree_lp_11_001-mesh" name="Tree_lp_11.001">
          <bind_material>
            <technique_common>
              <instance_material symbol="Bark_001-material" target="#Bark_001-material">
                <bind_vertex_input semantic="Geometry-mesh022-DiffuseUVLayer" input_semantic="TEXCOORD" input_set="0"/>
              </instance_material>
              <instance_material symbol="Tree_001-material" target="#Tree_001-material">
                <bind_vertex_input semantic="Geometry-mesh022-DiffuseUVLayer" input_semantic="TEXCOORD" input_set="0"/>
              </instance_material>
            </technique_common>
          </bind_material>
        </instance_geometry>
      </node>
      <node id="Render_002" name="Render.002" type="NODE">
        <matrix sid="transform">0.001 0 0 0 0 7.54979e-11 -0.001 0 0 0.001 7.54979e-11 0 0 0 0 1</matrix>
        <instance_light url="#Render_002-light"/>
      </node>
      <node id="Directional_Light" name="Directional_Light" type="NODE">
        <matrix sid="transform">7.07107e-4 3.53553e-4 -6.12372e-4 -0.002 -7.07107e-4 3.53553e-4 -6.12372e-4 -0.002 -1.59106e-11 8.66025e-4 5e-4 0.002 0 0 0 1</matrix>
        <instance_light url="#Directional_Light-light"/>
      </node>
      <node id="Camera_001" name="Camera.001" type="NODE">
        <matrix sid="transform">0.001 0 0 0 0 8.71556e-5 -9.96195e-4 -0.004 0 9.96195e-4 8.71556e-5 7.5e-4 0 0 0 1</matrix>
        <instance_camera url="#Camera_001-camera"/>
      </node>
      <node id="Tree_lp_11" name="Tree_lp_11" type="NODE">
        <matrix sid="transform">0.001 0 0 0 0 7.54979e-11 -0.001 0 0 0.001 7.54979e-11 0 0 0 0 1</matrix>
        <instance_geometry url="#Tree_lp_11-mesh" name="Tree_lp_11">
          <bind_material>
            <technique_common>
              <instance_material symbol="Bark-material" target="#Bark-material">
                <bind_vertex_input semantic="Geometry-mesh022-DiffuseUVLayer" input_semantic="TEXCOORD" input_set="0"/>
              </instance_material>
              <instance_material symbol="Tree-material" target="#Tree-material">
                <bind_vertex_input semantic="Geometry-mesh022-DiffuseUVLayer" input_semantic="TEXCOORD" input_set="0"/>
              </instance_material>
            </technique_common>
          </bind_material>
        </instance_geometry>
      </node>
      <node id="Render_001" name="Render.001" type="NODE">
        <matrix sid="transform">0.001 0 0 0 0 7.54979e-11 -0.001 0 0 0.001 7.54979e-11 0 0 0 0 1</matrix>
        <instance_light url="#Render_001-light"/>
      </node>
      <node id="Camera" name="Camera" type="NODE">
        <matrix sid="transform">0.6859207 -0.3240135 0.6515582 7.358891 0.7276763 0.3054208 -0.6141704 -6.925791 0 0.8953956 0.4452714 4.958309 0 0 0 1</matrix>
        <instance_camera url="#Camera-camera"/>
      </node>
      <node id="Light" name="Light" type="NODE">
        <matrix sid="transform">-0.2908646 -0.7711008 0.5663932 4.076245 0.9551712 -0.1998834 0.2183912 1.005454 -0.05518906 0.6045247 0.7946723 5.903862 0 0 0 1</matrix>
        <instance_light url="#Light-light"/>
      </node>
    </visual_scene>
  </library_visual_scenes>
  <scene>
    <instance_visual_scene url="#Scene"/>
  </scene>
</COLLADA>